feature_name,feature_source,importance
ConvNeXt_feature_69,ConvNeXt,0.0863935
ConvNeXt_feature_601,ConvNeXt,0.0853189
ConvNeXt_feature_415,ConvNeXt,0.07919213
ConvNeXt_feature_587,ConvNeXt,0.07597083
ConvNeXt_feature_293,ConvNeXt,0.07558092
ConvNeXt_feature_637,ConvNeXt,0.074490756
ConvNeXt_feature_748,ConvNeXt,0.06889378
ConvNeXt_feature_905,ConvNeXt,0.06649431
ConvNeXt_feature_21,ConvNeXt,0.06019443
ConvNeXt_feature_496,ConvNeXt,0.059340317
ConvNeXt_feature_866,ConvNeXt,0.05501824
ConvNeXt_feature_528,ConvNeXt,0.054221343
ConvNeXt_feature_411,ConvNeXt,0.054161727
ConvNeXt_feature_51,ConvNeXt,0.053441215
ConvNeXt_feature_551,ConvNeXt,0.0523706
ConvNeXt_feature_397,ConvNeXt,0.052253418
ConvNeXt_feature_206,ConvNeXt,0.05118445
ConvNeXt_feature_720,ConvNeXt,0.050713163
ConvNeXt_feature_473,ConvNeXt,0.049452133
ConvNeXt_feature_727,ConvNeXt,0.049151044
ConvNeXt_feature_506,ConvNeXt,0.047856823
ConvNeXt_feature_648,ConvNeXt,0.046786495
ConvNeXt_feature_562,ConvNeXt,0.046098553
ConvNeXt_feature_246,ConvNeXt,0.045875337
ConvNeXt_feature_525,ConvNeXt,0.0457252
ConvNeXt_feature_605,ConvNeXt,0.04570882
ConvNeXt_feature_909,ConvNeXt,0.044858646
ConvNeXt_feature_465,ConvNeXt,0.04482178
ConvNeXt_feature_822,ConvNeXt,0.044539962
ConvNeXt_feature_672,ConvNeXt,0.044209626
ConvNeXt_feature_683,ConvNeXt,0.04368813
ConvNeXt_feature_633,ConvNeXt,0.043138098
ConvNeXt_feature_291,ConvNeXt,0.041818183
ConvNeXt_feature_920,ConvNeXt,0.041486774
ConvNeXt_feature_166,ConvNeXt,0.041150086
ConvNeXt_feature_159,ConvNeXt,0.040491283
ConvNeXt_feature_735,ConvNeXt,0.04037714
ConvNeXt_feature_802,ConvNeXt,0.0402476
ConvNeXt_feature_458,ConvNeXt,0.039933126
ConvNeXt_feature_302,ConvNeXt,0.03953346
ConvNeXt_feature_810,ConvNeXt,0.039296705
ConvNeXt_feature_713,ConvNeXt,0.03904095
ConvNeXt_feature_765,ConvNeXt,0.038037326
ConvNeXt_feature_657,ConvNeXt,0.03713135
ConvNeXt_feature_91,ConvNeXt,0.0370253
ConvNeXt_feature_945,ConvNeXt,0.03687947
ConvNeXt_feature_347,ConvNeXt,0.03687592
ConvNeXt_feature_135,ConvNeXt,0.03655588
ConvNeXt_feature_404,ConvNeXt,0.036504675
ConvNeXt_feature_426,ConvNeXt,0.03646215
ConvNeXt_feature_733,ConvNeXt,0.03625877
ConvNeXt_feature_944,ConvNeXt,0.03624532
ConvNeXt_feature_938,ConvNeXt,0.03618219
ConvNeXt_feature_434,ConvNeXt,0.036141492
ConvNeXt_feature_592,ConvNeXt,0.03600686
ConvNeXt_feature_188,ConvNeXt,0.03581251
ConvNeXt_feature_549,ConvNeXt,0.035486378
ConvNeXt_feature_857,ConvNeXt,0.035456438
ConvNeXt_feature_701,ConvNeXt,0.035112828
ConvNeXt_feature_576,ConvNeXt,0.03494461
ConvNeXt_feature_163,ConvNeXt,0.034939513
ConvNeXt_feature_597,ConvNeXt,0.03482636
ConvNeXt_feature_407,ConvNeXt,0.034805425
ConvNeXt_feature_427,ConvNeXt,0.0347015
ConvNeXt_feature_847,ConvNeXt,0.034621634
ConvNeXt_feature_333,ConvNeXt,0.034522593
ConvNeXt_feature_935,ConvNeXt,0.034492437
ConvNeXt_feature_57,ConvNeXt,0.034441676
ConvNeXt_feature_168,ConvNeXt,0.03414878
ConvNeXt_feature_460,ConvNeXt,0.0339399
ConvNeXt_feature_225,ConvNeXt,0.033925537
ConvNeXt_feature_879,ConvNeXt,0.033818334
ConvNeXt_feature_297,ConvNeXt,0.03370506
ConvNeXt_feature_144,ConvNeXt,0.033674125
ConvNeXt_feature_174,ConvNeXt,0.033621408
ConvNeXt_feature_971,ConvNeXt,0.033506084
ConvNeXt_feature_240,ConvNeXt,0.03314909
ConvNeXt_feature_20,ConvNeXt,0.032955706
ConvNeXt_feature_511,ConvNeXt,0.032874744
ConvNeXt_feature_630,ConvNeXt,0.03271872
ConvNeXt_feature_912,ConvNeXt,0.032337766
ConvNeXt_feature_334,ConvNeXt,0.03198133
ConvNeXt_feature_917,ConvNeXt,0.031909272
ConvNeXt_feature_47,ConvNeXt,0.031786732
ConvNeXt_feature_72,ConvNeXt,0.03177977
ConvNeXt_feature_279,ConvNeXt,0.03160893
ConvNeXt_feature_793,ConvNeXt,0.031592123
ConvNeXt_feature_117,ConvNeXt,0.031031054
ConvNeXt_feature_470,ConvNeXt,0.03091766
ConvNeXt_feature_693,ConvNeXt,0.030868974
ConvNeXt_feature_390,ConvNeXt,0.030844122
ConvNeXt_feature_811,ConvNeXt,0.03041956
ConvNeXt_feature_357,ConvNeXt,0.030231927
ConvNeXt_feature_892,ConvNeXt,0.03010977
ConvNeXt_feature_215,ConvNeXt,0.02983497
ConvNeXt_feature_719,ConvNeXt,0.029592121
ConvNeXt_feature_706,ConvNeXt,0.029574607
ConvNeXt_feature_346,ConvNeXt,0.029449046
ConvNeXt_feature_612,ConvNeXt,0.029418346
ConvNeXt_feature_432,ConvNeXt,0.029307196
ConvNeXt_feature_237,ConvNeXt,0.02911397
ConvNeXt_feature_586,ConvNeXt,0.028984293
ConvNeXt_feature_962,ConvNeXt,0.028839119
ConvNeXt_feature_275,ConvNeXt,0.028736625
ConvNeXt_feature_776,ConvNeXt,0.028665403
ConvNeXt_feature_649,ConvNeXt,0.028629068
ConvNeXt_feature_96,ConvNeXt,0.028565617
ConvNeXt_feature_109,ConvNeXt,0.02854935
ConvNeXt_feature_312,ConvNeXt,0.02854423
ConvNeXt_feature_931,ConvNeXt,0.028380603
ConvNeXt_feature_993,ConvNeXt,0.028324554
ConvNeXt_feature_882,ConvNeXt,0.027744861
ConvNeXt_feature_840,ConvNeXt,0.027545959
ConvNeXt_feature_743,ConvNeXt,0.027420254
ConvNeXt_feature_823,ConvNeXt,0.02730682
ConvNeXt_feature_155,ConvNeXt,0.027280722
ConvNeXt_feature_572,ConvNeXt,0.027231136
ConvNeXt_feature_282,ConvNeXt,0.027221177
ConvNeXt_feature_790,ConvNeXt,0.027209586
ConvNeXt_feature_56,ConvNeXt,0.02708678
ConvNeXt_feature_631,ConvNeXt,0.026998116
ConvNeXt_feature_1005,ConvNeXt,0.026936915
ConvNeXt_feature_569,ConvNeXt,0.026766919
ConvNeXt_feature_2,ConvNeXt,0.026707575
ConvNeXt_feature_268,ConvNeXt,0.02668306
ConvNeXt_feature_186,ConvNeXt,0.026554534
ConvNeXt_feature_522,ConvNeXt,0.026432749
ConvNeXt_feature_454,ConvNeXt,0.02626619
ConvNeXt_feature_602,ConvNeXt,0.026228486
ConvNeXt_feature_843,ConvNeXt,0.02601875
ConvNeXt_feature_156,ConvNeXt,0.025884612
ConvNeXt_feature_808,ConvNeXt,0.02581552
ConvNeXt_feature_123,ConvNeXt,0.025743384
ConvNeXt_feature_544,ConvNeXt,0.025575675
ConvNeXt_feature_319,ConvNeXt,0.025464356
ConvNeXt_feature_841,ConvNeXt,0.025428973
ConvNeXt_feature_265,ConvNeXt,0.025299245
ConvNeXt_feature_764,ConvNeXt,0.025182419
ConvNeXt_feature_610,ConvNeXt,0.025157431
ConvNeXt_feature_77,ConvNeXt,0.025113225
ConvNeXt_feature_779,ConvNeXt,0.025040586
ConvNeXt_feature_654,ConvNeXt,0.024995077
ConvNeXt_feature_134,ConvNeXt,0.024946958
ConvNeXt_feature_484,ConvNeXt,0.024945159
ConvNeXt_feature_245,ConvNeXt,0.024875307
ConvNeXt_feature_589,ConvNeXt,0.024767486
ConvNeXt_feature_521,ConvNeXt,0.024729336
ConvNeXt_feature_860,ConvNeXt,0.024717528
ConvNeXt_feature_611,ConvNeXt,0.02464909
ConvNeXt_feature_740,ConvNeXt,0.024636216
ConvNeXt_feature_204,ConvNeXt,0.024625817
ConvNeXt_feature_923,ConvNeXt,0.024622966
ConvNeXt_feature_884,ConvNeXt,0.024501858
ConvNeXt_feature_11,ConvNeXt,0.02438475
ConvNeXt_feature_387,ConvNeXt,0.024208076
ConvNeXt_feature_230,ConvNeXt,0.02418801
ConvNeXt_feature_478,ConvNeXt,0.024186498
ConvNeXt_feature_933,ConvNeXt,0.024182696
ConvNeXt_feature_327,ConvNeXt,0.024068134
ConvNeXt_feature_969,ConvNeXt,0.024011495
ConvNeXt_feature_499,ConvNeXt,0.02392041
ConvNeXt_feature_195,ConvNeXt,0.023838233
ConvNeXt_feature_349,ConvNeXt,0.023752656
ConvNeXt_feature_343,ConvNeXt,0.02364644
ConvNeXt_feature_708,ConvNeXt,0.023628902
ConvNeXt_feature_946,ConvNeXt,0.02351807
ConvNeXt_feature_126,ConvNeXt,0.023467967
ConvNeXt_feature_316,ConvNeXt,0.023393761
ConvNeXt_feature_358,ConvNeXt,0.023232637
ConvNeXt_feature_464,ConvNeXt,0.023101337
ConvNeXt_feature_403,ConvNeXt,0.023095455
ConvNeXt_feature_545,ConvNeXt,0.022939075
ConvNeXt_feature_826,ConvNeXt,0.022860108
ConvNeXt_feature_530,ConvNeXt,0.022850709
ConvNeXt_feature_557,ConvNeXt,0.022843143
ConvNeXt_feature_272,ConvNeXt,0.022741282
ConvNeXt_feature_76,ConvNeXt,0.022649188
ConvNeXt_feature_583,ConvNeXt,0.022588901
ConvNeXt_feature_873,ConvNeXt,0.022576807
ConvNeXt_feature_315,ConvNeXt,0.022562673
ConvNeXt_feature_825,ConvNeXt,0.022555832
ConvNeXt_feature_28,ConvNeXt,0.022524267
ConvNeXt_feature_146,ConvNeXt,0.022503106
ConvNeXt_feature_355,ConvNeXt,0.022477446
ConvNeXt_feature_548,ConvNeXt,0.02241574
ConvNeXt_feature_990,ConvNeXt,0.02240866
ConvNeXt_feature_834,ConvNeXt,0.022370763
ConvNeXt_feature_513,ConvNeXt,0.022313353
ConvNeXt_feature_536,ConvNeXt,0.022300724
ConvNeXt_feature_754,ConvNeXt,0.022198746
ConvNeXt_feature_462,ConvNeXt,0.022160258
ConvNeXt_feature_767,ConvNeXt,0.022142911
ConvNeXt_feature_227,ConvNeXt,0.02198782
ConvNeXt_feature_518,ConvNeXt,0.02180491
ConvNeXt_feature_981,ConvNeXt,0.021773903
ConvNeXt_feature_655,ConvNeXt,0.021636374
ConvNeXt_feature_566,ConvNeXt,0.021617278
ConvNeXt_feature_591,ConvNeXt,0.02159896
ConvNeXt_feature_419,ConvNeXt,0.021596448
ConvNeXt_feature_39,ConvNeXt,0.021507261
ConvNeXt_feature_595,ConvNeXt,0.021480989
ConvNeXt_feature_371,ConvNeXt,0.021475405
ConvNeXt_feature_309,ConvNeXt,0.021435326
ConvNeXt_feature_645,ConvNeXt,0.021377083
ConvNeXt_feature_95,ConvNeXt,0.021351922
ConvNeXt_feature_132,ConvNeXt,0.021343818
ConvNeXt_feature_190,ConvNeXt,0.021258058
ConvNeXt_feature_89,ConvNeXt,0.021197457
ConvNeXt_feature_480,ConvNeXt,0.02106586
ConvNeXt_feature_681,ConvNeXt,0.020987945
ConvNeXt_feature_985,ConvNeXt,0.020967554
ConvNeXt_feature_510,ConvNeXt,0.020933622
ConvNeXt_feature_243,ConvNeXt,0.02091233
ConvNeXt_feature_952,ConvNeXt,0.020865558
ConvNeXt_feature_889,ConvNeXt,0.020787783
ConvNeXt_feature_503,ConvNeXt,0.020685213
ConvNeXt_feature_604,ConvNeXt,0.02064544
ConvNeXt_feature_863,ConvNeXt,0.02063408
ConvNeXt_feature_561,ConvNeXt,0.02055811
ConvNeXt_feature_777,ConvNeXt,0.020500487
ConvNeXt_feature_609,ConvNeXt,0.020498775
ConvNeXt_feature_613,ConvNeXt,0.020274319
ConvNeXt_feature_653,ConvNeXt,0.020204088
ConvNeXt_feature_950,ConvNeXt,0.02008171
ConvNeXt_feature_105,ConvNeXt,0.02007232
ConvNeXt_feature_234,ConvNeXt,0.020004682
ConvNeXt_feature_437,ConvNeXt,0.019980969
ConvNeXt_feature_514,ConvNeXt,0.019916428
ConvNeXt_feature_891,ConvNeXt,0.019890228
ConvNeXt_feature_317,ConvNeXt,0.019845208
ConvNeXt_feature_53,ConvNeXt,0.019780377
ConvNeXt_feature_800,ConvNeXt,0.019685814
ConvNeXt_feature_527,ConvNeXt,0.019674739
ConvNeXt_feature_4,ConvNeXt,0.019644286
ConvNeXt_feature_41,ConvNeXt,0.019467637
ConvNeXt_feature_375,ConvNeXt,0.019429369
ConvNeXt_feature_112,ConvNeXt,0.01938285
ConvNeXt_feature_323,ConvNeXt,0.019382458
ConvNeXt_feature_752,ConvNeXt,0.019339371
ConvNeXt_feature_948,ConvNeXt,0.019332662
ConvNeXt_feature_773,ConvNeXt,0.019207764
ConvNeXt_feature_607,ConvNeXt,0.019013839
ConvNeXt_feature_714,ConvNeXt,0.018997043
ConvNeXt_feature_926,ConvNeXt,0.018946344
ConvNeXt_feature_183,ConvNeXt,0.018928036
ConvNeXt_feature_977,ConvNeXt,0.018913617
ConvNeXt_feature_853,ConvNeXt,0.018890038
ConvNeXt_feature_534,ConvNeXt,0.018872883
ConvNeXt_feature_433,ConvNeXt,0.018851446
ConvNeXt_feature_414,ConvNeXt,0.018769357
ConvNeXt_feature_199,ConvNeXt,0.01876449
ConvNeXt_feature_119,ConvNeXt,0.018758813
ConvNeXt_feature_305,ConvNeXt,0.018737989
ConvNeXt_feature_833,ConvNeXt,0.018731864
ConvNeXt_feature_129,ConvNeXt,0.018627288
ConvNeXt_feature_954,ConvNeXt,0.018579114
ConvNeXt_feature_973,ConvNeXt,0.01846774
ConvNeXt_feature_662,ConvNeXt,0.018459974
ConvNeXt_feature_380,ConvNeXt,0.018433759
ConvNeXt_feature_656,ConvNeXt,0.018413773
ConvNeXt_feature_151,ConvNeXt,0.018369041
ConvNeXt_feature_22,ConvNeXt,0.018269334
ConvNeXt_feature_677,ConvNeXt,0.018232452
ConvNeXt_feature_563,ConvNeXt,0.01821623
ConvNeXt_feature_339,ConvNeXt,0.01818119
ConvNeXt_feature_899,ConvNeXt,0.018127091
ConvNeXt_feature_725,ConvNeXt,0.01793255
ConvNeXt_feature_517,ConvNeXt,0.017886369
ConvNeXt_feature_322,ConvNeXt,0.017849088
ConvNeXt_feature_360,ConvNeXt,0.017762363
ConvNeXt_feature_851,ConvNeXt,0.017750947
ConvNeXt_feature_707,ConvNeXt,0.017748378
ConvNeXt_feature_762,ConvNeXt,0.017742738
ConvNeXt_feature_260,ConvNeXt,0.017705463
ConvNeXt_feature_68,ConvNeXt,0.017543139
ConvNeXt_feature_118,ConvNeXt,0.01748258
ConvNeXt_feature_1003,ConvNeXt,0.017455557
ConvNeXt_feature_406,ConvNeXt,0.017442571
ConvNeXt_feature_361,ConvNeXt,0.017425852
ConvNeXt_feature_689,ConvNeXt,0.017370693
ConvNeXt_feature_329,ConvNeXt,0.017353326
ConvNeXt_feature_721,ConvNeXt,0.017336968
ConvNeXt_feature_913,ConvNeXt,0.017335994
ConvNeXt_feature_381,ConvNeXt,0.017278356
ConvNeXt_feature_14,ConvNeXt,0.017260702
ConvNeXt_feature_37,ConvNeXt,0.017246531
ConvNeXt_feature_137,ConvNeXt,0.017214835
ConvNeXt_feature_682,ConvNeXt,0.01718082
ConvNeXt_feature_746,ConvNeXt,0.017051637
ConvNeXt_feature_686,ConvNeXt,0.016977115
ConvNeXt_feature_987,ConvNeXt,0.016974865
ConvNeXt_feature_157,ConvNeXt,0.01693972
ConvNeXt_feature_75,ConvNeXt,0.016882328
ConvNeXt_feature_370,ConvNeXt,0.016806953
ConvNeXt_feature_241,ConvNeXt,0.016710924
ConvNeXt_feature_254,ConvNeXt,0.016589446
ConvNeXt_feature_670,ConvNeXt,0.01658185
ConvNeXt_feature_31,ConvNeXt,0.016566712
ConvNeXt_feature_229,ConvNeXt,0.016530352
ConvNeXt_feature_424,ConvNeXt,0.016475415
ConvNeXt_feature_201,ConvNeXt,0.016466336
ConvNeXt_feature_32,ConvNeXt,0.016397094
ConvNeXt_feature_697,ConvNeXt,0.016344067
ConvNeXt_feature_290,ConvNeXt,0.016267944
ConvNeXt_feature_984,ConvNeXt,0.01620672
ConvNeXt_feature_814,ConvNeXt,0.016141204
ConvNeXt_feature_780,ConvNeXt,0.016099783
ConvNeXt_feature_885,ConvNeXt,0.016024772
ConvNeXt_feature_436,ConvNeXt,0.01601955
ConvNeXt_feature_887,ConvNeXt,0.015951872
ConvNeXt_feature_1007,ConvNeXt,0.015949568
ConvNeXt_feature_42,ConvNeXt,0.01589978
ConvNeXt_feature_709,ConvNeXt,0.015873814
ConvNeXt_feature_494,ConvNeXt,0.015867151
ConvNeXt_feature_652,ConvNeXt,0.015815558
ConvNeXt_feature_122,ConvNeXt,0.015770638
ConvNeXt_feature_951,ConvNeXt,0.015725309
ConvNeXt_feature_258,ConvNeXt,0.015582336
ConvNeXt_feature_731,ConvNeXt,0.015548694
ConvNeXt_feature_335,ConvNeXt,0.015545628
ConvNeXt_feature_161,ConvNeXt,0.015527171
ConvNeXt_feature_736,ConvNeXt,0.015526277
ConvNeXt_feature_45,ConvNeXt,0.015509314
ConvNeXt_feature_261,ConvNeXt,0.015504127
ConvNeXt_feature_606,ConvNeXt,0.015435369
ConvNeXt_feature_539,ConvNeXt,0.015419741
ConvNeXt_feature_815,ConvNeXt,0.015371816
ConvNeXt_feature_281,ConvNeXt,0.015354372
ConvNeXt_feature_412,ConvNeXt,0.015326177
ConvNeXt_feature_128,ConvNeXt,0.015320345
ConvNeXt_feature_972,ConvNeXt,0.015317181
ConvNeXt_feature_239,ConvNeXt,0.0153160775
ConvNeXt_feature_210,ConvNeXt,0.015312086
ConvNeXt_feature_771,ConvNeXt,0.015219986
ConvNeXt_feature_242,ConvNeXt,0.015200624
ConvNeXt_feature_30,ConvNeXt,0.015169086
ConvNeXt_feature_386,ConvNeXt,0.015122191
ConvNeXt_feature_660,ConvNeXt,0.014989562
ConvNeXt_feature_937,ConvNeXt,0.014989176
ConvNeXt_feature_685,ConvNeXt,0.01497396
ConvNeXt_feature_301,ConvNeXt,0.014955279
ConvNeXt_feature_647,ConvNeXt,0.014933887
ConvNeXt_feature_929,ConvNeXt,0.014896157
ConvNeXt_feature_296,ConvNeXt,0.014878571
ConvNeXt_feature_680,ConvNeXt,0.014819774
ConvNeXt_feature_286,ConvNeXt,0.014802549
ConvNeXt_feature_739,ConvNeXt,0.014796333
ConvNeXt_feature_953,ConvNeXt,0.01478368
ConvNeXt_feature_955,ConvNeXt,0.014771392
ConvNeXt_feature_849,ConvNeXt,0.014746659
ConvNeXt_feature_961,ConvNeXt,0.014597281
ConvNeXt_feature_819,ConvNeXt,0.014552652
ConvNeXt_feature_939,ConvNeXt,0.0144793475
ConvNeXt_feature_43,ConvNeXt,0.014469678
ConvNeXt_feature_644,ConvNeXt,0.014437818
ConvNeXt_feature_1006,ConvNeXt,0.014357054
ConvNeXt_feature_989,ConvNeXt,0.014345742
ConvNeXt_feature_270,ConvNeXt,0.014308282
ConvNeXt_feature_16,ConvNeXt,0.014280226
ConvNeXt_feature_730,ConvNeXt,0.014271438
ConvNeXt_feature_785,ConvNeXt,0.014261271
ConvNeXt_feature_978,ConvNeXt,0.014257807
ConvNeXt_feature_435,ConvNeXt,0.01418732
ConvNeXt_feature_308,ConvNeXt,0.014089309
ConvNeXt_feature_162,ConvNeXt,0.013951787
ConvNeXt_feature_890,ConvNeXt,0.013922372
ConvNeXt_feature_116,ConvNeXt,0.013815898
ConvNeXt_feature_364,ConvNeXt,0.0137982275
ConvNeXt_feature_902,ConvNeXt,0.013709985
ConvNeXt_feature_643,ConvNeXt,0.0137095535
ConvNeXt_feature_191,ConvNeXt,0.013689885
ConvNeXt_feature_449,ConvNeXt,0.013657354
ConvNeXt_feature_784,ConvNeXt,0.013616795
ConvNeXt_feature_616,ConvNeXt,0.013596035
ConvNeXt_feature_925,ConvNeXt,0.01359106
ConvNeXt_feature_502,ConvNeXt,0.013589451
ConvNeXt_feature_400,ConvNeXt,0.013441198
ConvNeXt_feature_340,ConvNeXt,0.013426348
ConvNeXt_feature_554,ConvNeXt,0.013422355
ConvNeXt_feature_396,ConvNeXt,0.0134111
ConvNeXt_feature_169,ConvNeXt,0.01339509
ConvNeXt_feature_10,ConvNeXt,0.0133734485
ConvNeXt_feature_1013,ConvNeXt,0.013357384
ConvNeXt_feature_821,ConvNeXt,0.013330999
ConvNeXt_feature_791,ConvNeXt,0.01332567
ConvNeXt_feature_153,ConvNeXt,0.013298262
ConvNeXt_feature_692,ConvNeXt,0.013285248
ConvNeXt_feature_476,ConvNeXt,0.0132834045
ConvNeXt_feature_924,ConvNeXt,0.013273771
ConvNeXt_feature_817,ConvNeXt,0.013271043
ConvNeXt_feature_24,ConvNeXt,0.013255434
ConvNeXt_feature_870,ConvNeXt,0.013210655
ConvNeXt_feature_1024,ConvNeXt,0.013187722
ConvNeXt_feature_17,ConvNeXt,0.01314381
ConvNeXt_feature_744,ConvNeXt,0.013122016
ConvNeXt_feature_582,ConvNeXt,0.0131149
ConvNeXt_feature_614,ConvNeXt,0.013110293
ConvNeXt_feature_228,ConvNeXt,0.013109802
ConvNeXt_feature_865,ConvNeXt,0.013060346
ConvNeXt_feature_60,ConvNeXt,0.013046804
ConvNeXt_feature_1012,ConvNeXt,0.013026779
ConvNeXt_feature_786,ConvNeXt,0.012975931
ConvNeXt_feature_574,ConvNeXt,0.0129526025
ConvNeXt_feature_914,ConvNeXt,0.012941795
ConvNeXt_feature_7,ConvNeXt,0.012937963
ConvNeXt_feature_579,ConvNeXt,0.012923495
ConvNeXt_feature_222,ConvNeXt,0.012919328
ConvNeXt_feature_615,ConvNeXt,0.012859493
ConvNeXt_feature_489,ConvNeXt,0.012810183
ConvNeXt_feature_196,ConvNeXt,0.01280566
ConvNeXt_feature_761,ConvNeXt,0.012734651
ConvNeXt_feature_710,ConvNeXt,0.012733609
ConvNeXt_feature_594,ConvNeXt,0.012717226
ConvNeXt_feature_941,ConvNeXt,0.012709199
ConvNeXt_feature_846,ConvNeXt,0.012702549
ConvNeXt_feature_812,ConvNeXt,0.012673935
ConvNeXt_feature_898,ConvNeXt,0.012644741
ConvNeXt_feature_84,ConvNeXt,0.012608369
ConvNeXt_feature_964,ConvNeXt,0.012585061
ConvNeXt_feature_581,ConvNeXt,0.012566281
ConvNeXt_feature_367,ConvNeXt,0.012475221
ConvNeXt_feature_300,ConvNeXt,0.012471431
ConvNeXt_feature_219,ConvNeXt,0.012456705
ConvNeXt_feature_154,ConvNeXt,0.012453445
ConvNeXt_feature_504,ConvNeXt,0.01242234
ConvNeXt_feature_138,ConvNeXt,0.012420437
ConvNeXt_feature_804,ConvNeXt,0.012419311
ConvNeXt_feature_850,ConvNeXt,0.012406677
ConvNeXt_feature_903,ConvNeXt,0.0123786125
ConvNeXt_feature_378,ConvNeXt,0.012361485
ConvNeXt_feature_212,ConvNeXt,0.012349307
ConvNeXt_feature_497,ConvNeXt,0.012346455
ConvNeXt_feature_26,ConvNeXt,0.012297823
ConvNeXt_feature_139,ConvNeXt,0.012247022
ConvNeXt_feature_877,ConvNeXt,0.012193863
ConvNeXt_feature_205,ConvNeXt,0.012157567
ConvNeXt_feature_868,ConvNeXt,0.012153701
ConvNeXt_feature_202,ConvNeXt,0.012145092
ConvNeXt_feature_54,ConvNeXt,0.012131584
ConvNeXt_feature_313,ConvNeXt,0.012120707
ConvNeXt_feature_294,ConvNeXt,0.012118801
ConvNeXt_feature_232,ConvNeXt,0.012112482
ConvNeXt_feature_878,ConvNeXt,0.01209853
ConvNeXt_feature_512,ConvNeXt,0.012080499
ConvNeXt_feature_930,ConvNeXt,0.012062864
ConvNeXt_feature_8,ConvNeXt,0.012006297
ConvNeXt_feature_620,ConvNeXt,0.0120039815
ConvNeXt_feature_102,ConvNeXt,0.012000346
ConvNeXt_feature_624,ConvNeXt,0.011873659
ConvNeXt_feature_401,ConvNeXt,0.011842529
ConvNeXt_feature_722,ConvNeXt,0.011776405
ConvNeXt_feature_457,ConvNeXt,0.011754471
ConvNeXt_feature_67,ConvNeXt,0.01173055
ConvNeXt_feature_6,ConvNeXt,0.011705837
ConvNeXt_feature_158,ConvNeXt,0.011667656
ConvNeXt_feature_711,ConvNeXt,0.011612404
ConvNeXt_feature_71,ConvNeXt,0.011595861
ConvNeXt_feature_728,ConvNeXt,0.011570641
ConvNeXt_feature_173,ConvNeXt,0.011570404
ConvNeXt_feature_716,ConvNeXt,0.011450547
ConvNeXt_feature_640,ConvNeXt,0.011432058
ConvNeXt_feature_248,ConvNeXt,0.011431843
ConvNeXt_feature_310,ConvNeXt,0.011392951
ConvNeXt_feature_337,ConvNeXt,0.011260367
ConvNeXt_feature_958,ConvNeXt,0.011225142
ConvNeXt_feature_559,ConvNeXt,0.011209164
ConvNeXt_feature_444,ConvNeXt,0.01119817
ConvNeXt_feature_921,ConvNeXt,0.011117868
ConvNeXt_feature_901,ConvNeXt,0.011088763
ConvNeXt_feature_492,ConvNeXt,0.011043743
ConvNeXt_feature_515,ConvNeXt,0.01104183
ConvNeXt_feature_5,ConvNeXt,0.011031373
ConvNeXt_feature_632,ConvNeXt,0.011017447
ConvNeXt_feature_749,ConvNeXt,0.010938996
ConvNeXt_feature_897,ConvNeXt,0.010931113
ConvNeXt_feature_49,ConvNeXt,0.010929204
ConvNeXt_feature_600,ConvNeXt,0.010914756
ConvNeXt_feature_328,ConvNeXt,0.010891051
ConvNeXt_feature_664,ConvNeXt,0.010878893
ConvNeXt_feature_758,ConvNeXt,0.01085604
ConvNeXt_feature_80,ConvNeXt,0.01083052
ConvNeXt_feature_86,ConvNeXt,0.010819226
ConvNeXt_feature_932,ConvNeXt,0.010764801
ConvNeXt_feature_766,ConvNeXt,0.010744128
ConvNeXt_feature_52,ConvNeXt,0.010736751
ConvNeXt_feature_816,ConvNeXt,0.010697744
ConvNeXt_feature_321,ConvNeXt,0.010692444
ConvNeXt_feature_751,ConvNeXt,0.010607082
ConvNeXt_feature_88,ConvNeXt,0.010601411
ConvNeXt_feature_702,ConvNeXt,0.010574007
ConvNeXt_feature_1017,ConvNeXt,0.010543209
ConvNeXt_feature_564,ConvNeXt,0.010503354
ConvNeXt_feature_883,ConvNeXt,0.010484772
ConvNeXt_feature_770,ConvNeXt,0.010479209
ConvNeXt_feature_673,ConvNeXt,0.010472529
ConvNeXt_feature_832,ConvNeXt,0.010419333
ConvNeXt_feature_389,ConvNeXt,0.010417475
ConvNeXt_feature_874,ConvNeXt,0.010396963
ConvNeXt_feature_324,ConvNeXt,0.010389288
ConvNeXt_feature_565,ConvNeXt,0.010342268
ConvNeXt_feature_797,ConvNeXt,0.010333548
ConvNeXt_feature_934,ConvNeXt,0.0103245545
ConvNeXt_feature_531,ConvNeXt,0.010291992
ConvNeXt_feature_342,ConvNeXt,0.010287647
ConvNeXt_feature_152,ConvNeXt,0.0102661755
ConvNeXt_feature_445,ConvNeXt,0.0102445865
ConvNeXt_feature_100,ConvNeXt,0.0101692695
ConvNeXt_feature_418,ConvNeXt,0.010138742
ConvNeXt_feature_642,ConvNeXt,0.010122515
ConvNeXt_feature_715,ConvNeXt,0.010119512
ConvNeXt_feature_1021,ConvNeXt,0.010105556
ConvNeXt_feature_627,ConvNeXt,0.010105468
ConvNeXt_feature_170,ConvNeXt,0.010079774
ConvNeXt_feature_801,ConvNeXt,0.010077445
ConvNeXt_feature_474,ConvNeXt,0.010068694
ConvNeXt_feature_345,ConvNeXt,0.010067218
ConvNeXt_feature_438,ConvNeXt,0.010035252
ConvNeXt_feature_663,ConvNeXt,0.009986736
ConvNeXt_feature_477,ConvNeXt,0.009973924
ConvNeXt_feature_634,ConvNeXt,0.009967311
ConvNeXt_feature_276,ConvNeXt,0.009941742
ConvNeXt_feature_295,ConvNeXt,0.009941102
ConvNeXt_feature_143,ConvNeXt,0.009877853
ConvNeXt_feature_487,ConvNeXt,0.009813934
ConvNeXt_feature_835,ConvNeXt,0.009805965
ConvNeXt_feature_831,ConvNeXt,0.009797219
ConvNeXt_feature_385,ConvNeXt,0.0097566955
ConvNeXt_feature_203,ConvNeXt,0.009746766
ConvNeXt_feature_87,ConvNeXt,0.009695988
ConvNeXt_feature_537,ConvNeXt,0.009695554
ConvNeXt_feature_185,ConvNeXt,0.009688343
ConvNeXt_feature_384,ConvNeXt,0.0096584475
ConvNeXt_feature_676,ConvNeXt,0.009636294
ConvNeXt_feature_121,ConvNeXt,0.009609786
ConvNeXt_feature_354,ConvNeXt,0.009602982
ConvNeXt_feature_1009,ConvNeXt,0.009583909
ConvNeXt_feature_247,ConvNeXt,0.009576337
ConvNeXt_feature_552,ConvNeXt,0.009527745
ConvNeXt_feature_907,ConvNeXt,0.00949341
ConvNeXt_feature_792,ConvNeXt,0.009473324
ConvNeXt_feature_55,ConvNeXt,0.0094732065
ConvNeXt_feature_872,ConvNeXt,0.009401108
ConvNeXt_feature_859,ConvNeXt,0.00936785
ConvNeXt_feature_194,ConvNeXt,0.009340632
ConvNeXt_feature_73,ConvNeXt,0.0092727505
ConvNeXt_feature_145,ConvNeXt,0.009254862
ConvNeXt_feature_280,ConvNeXt,0.009249275
ConvNeXt_feature_115,ConvNeXt,0.0092375325
ConvNeXt_feature_318,ConvNeXt,0.009224275
ConvNeXt_feature_856,ConvNeXt,0.009164248
ConvNeXt_feature_408,ConvNeXt,0.009127298
ConvNeXt_feature_617,ConvNeXt,0.009120294
ConvNeXt_feature_573,ConvNeXt,0.009098759
ConvNeXt_feature_988,ConvNeXt,0.009056243
ConvNeXt_feature_379,ConvNeXt,0.00903904
ConvNeXt_feature_483,ConvNeXt,0.0089990925
ConvNeXt_feature_106,ConvNeXt,0.00899437
ConvNeXt_feature_724,ConvNeXt,0.008993511
ConvNeXt_feature_507,ConvNeXt,0.008991316
ConvNeXt_feature_336,ConvNeXt,0.008981776
ConvNeXt_feature_875,ConvNeXt,0.008980165
ConvNeXt_feature_737,ConvNeXt,0.008939976
ConvNeXt_feature_580,ConvNeXt,0.008859271
ConvNeXt_feature_1000,ConvNeXt,0.008825603
ConvNeXt_feature_211,ConvNeXt,0.008819456
ConvNeXt_feature_99,ConvNeXt,0.008818821
ConvNeXt_feature_351,ConvNeXt,0.008791889
ConvNeXt_feature_959,ConvNeXt,0.008782513
ConvNeXt_feature_12,ConvNeXt,0.008766185
ConvNeXt_feature_813,ConvNeXt,0.0087060705
ConvNeXt_feature_756,ConvNeXt,0.008616743
ConvNeXt_feature_372,ConvNeXt,0.008613241
ConvNeXt_feature_303,ConvNeXt,0.008580849
ConvNeXt_feature_29,ConvNeXt,0.008557989
ConvNeXt_feature_107,ConvNeXt,0.008557191
ConvNeXt_feature_535,ConvNeXt,0.008549917
ConvNeXt_feature_584,ConvNeXt,0.008549369
ConvNeXt_feature_338,ConvNeXt,0.00854579
ConvNeXt_feature_179,ConvNeXt,0.0085256845
ConvNeXt_feature_244,ConvNeXt,0.008510855
ConvNeXt_feature_871,ConvNeXt,0.008479416
ConvNeXt_feature_675,ConvNeXt,0.008473733
ConvNeXt_feature_344,ConvNeXt,0.008441478
ConvNeXt_feature_81,ConvNeXt,0.008440034
ConvNeXt_feature_27,ConvNeXt,0.008397226
ConvNeXt_feature_996,ConvNeXt,0.008384375
ConvNeXt_feature_214,ConvNeXt,0.008380187
ConvNeXt_feature_420,ConvNeXt,0.00837386
ConvNeXt_feature_1022,ConvNeXt,0.008244604
ConvNeXt_feature_292,ConvNeXt,0.008204293
ConvNeXt_feature_184,ConvNeXt,0.008139406
ConvNeXt_feature_198,ConvNeXt,0.008122275
ConvNeXt_feature_365,ConvNeXt,0.0081053395
ConvNeXt_feature_1019,ConvNeXt,0.008090684
ConvNeXt_feature_532,ConvNeXt,0.008061539
ConvNeXt_feature_65,ConvNeXt,0.008018311
ConvNeXt_feature_690,ConvNeXt,0.007974749
ConvNeXt_feature_578,ConvNeXt,0.007974405
ConvNeXt_feature_598,ConvNeXt,0.007934429
ConvNeXt_feature_698,ConvNeXt,0.007902708
ConvNeXt_feature_621,ConvNeXt,0.007860786
ConvNeXt_feature_684,ConvNeXt,0.0078572985
ConvNeXt_feature_858,ConvNeXt,0.0077804616
ConvNeXt_feature_176,ConvNeXt,0.007780457
ConvNeXt_feature_15,ConvNeXt,0.0077283066
ConvNeXt_feature_231,ConvNeXt,0.007698132
ConvNeXt_feature_533,ConvNeXt,0.007651053
ConvNeXt_feature_164,ConvNeXt,0.0075680716
ConvNeXt_feature_388,ConvNeXt,0.0075436067
ConvNeXt_feature_691,ConvNeXt,0.007518153
ConvNeXt_feature_738,ConvNeXt,0.007509112
ConvNeXt_feature_999,ConvNeXt,0.0075053014
ConvNeXt_feature_274,ConvNeXt,0.007503593
ConvNeXt_feature_734,ConvNeXt,0.007481421
ConvNeXt_feature_795,ConvNeXt,0.0074813627
ConvNeXt_feature_332,ConvNeXt,0.007450766
ConvNeXt_feature_255,ConvNeXt,0.007430594
ConvNeXt_feature_635,ConvNeXt,0.0074181827
ConvNeXt_feature_668,ConvNeXt,0.0073957345
ConvNeXt_feature_250,ConvNeXt,0.007371289
ConvNeXt_feature_694,ConvNeXt,0.007357435
ConvNeXt_feature_366,ConvNeXt,0.007336621
ConvNeXt_feature_967,ConvNeXt,0.0073230425
ConvNeXt_feature_490,ConvNeXt,0.007301437
ConvNeXt_feature_177,ConvNeXt,0.0072885416
ConvNeXt_feature_264,ConvNeXt,0.007238126
ConvNeXt_feature_839,ConvNeXt,0.0071527413
ConvNeXt_feature_757,ConvNeXt,0.007139009
ConvNeXt_feature_306,ConvNeXt,0.007136108
ConvNeXt_feature_1011,ConvNeXt,0.0071236105
ConvNeXt_feature_33,ConvNeXt,0.007115191
ConvNeXt_feature_753,ConvNeXt,0.007032993
ConvNeXt_feature_416,ConvNeXt,0.0070311725
ConvNeXt_feature_979,ConvNeXt,0.0070234067
ConvNeXt_feature_960,ConvNeXt,0.007018523
ConvNeXt_feature_845,ConvNeXt,0.0070129824
ConvNeXt_feature_787,ConvNeXt,0.0070115346
ConvNeXt_feature_1015,ConvNeXt,0.006985725
ConvNeXt_feature_399,ConvNeXt,0.0069731064
ConvNeXt_feature_352,ConvNeXt,0.0069042724
ConvNeXt_feature_398,ConvNeXt,0.0069019473
ConvNeXt_feature_547,ConvNeXt,0.006891199
ConvNeXt_feature_505,ConvNeXt,0.006770412
ConvNeXt_feature_881,ConvNeXt,0.0067691645
ConvNeXt_feature_9,ConvNeXt,0.006758202
ConvNeXt_feature_259,ConvNeXt,0.0067472947
ConvNeXt_feature_113,ConvNeXt,0.006740755
ConvNeXt_feature_526,ConvNeXt,0.0067306254
ConvNeXt_feature_453,ConvNeXt,0.006697733
ConvNeXt_feature_472,ConvNeXt,0.006695298
ConvNeXt_feature_486,ConvNeXt,0.0066920775
ConvNeXt_feature_391,ConvNeXt,0.0066853026
ConvNeXt_feature_224,ConvNeXt,0.0066762483
ConvNeXt_feature_285,ConvNeXt,0.006667544
ConvNeXt_feature_262,ConvNeXt,0.0066597685
ConvNeXt_feature_763,ConvNeXt,0.0066548986
ConvNeXt_feature_267,ConvNeXt,0.006631845
ConvNeXt_feature_467,ConvNeXt,0.006616409
ConvNeXt_feature_855,ConvNeXt,0.0066132196
ConvNeXt_feature_970,ConvNeXt,0.0065922365
ConvNeXt_feature_943,ConvNeXt,0.006540665
ConvNeXt_feature_461,ConvNeXt,0.006477501
ConvNeXt_feature_788,ConvNeXt,0.00646255
ConvNeXt_feature_1004,ConvNeXt,0.006439728
ConvNeXt_feature_36,ConvNeXt,0.0063933437
ConvNeXt_feature_410,ConvNeXt,0.006385889
ConvNeXt_feature_226,ConvNeXt,0.006373706
ConvNeXt_feature_577,ConvNeXt,0.006368149
ConvNeXt_feature_299,ConvNeXt,0.006356942
ConvNeXt_feature_836,ConvNeXt,0.00633092
ConvNeXt_feature_968,ConvNeXt,0.006317928
ConvNeXt_feature_287,ConvNeXt,0.0063146013
ConvNeXt_feature_82,ConvNeXt,0.0062179356
ConvNeXt_feature_585,ConvNeXt,0.006164065
ConvNeXt_feature_362,ConvNeXt,0.006162272
ConvNeXt_feature_712,ConvNeXt,0.00615836
ConvNeXt_feature_570,ConvNeXt,0.0061471984
ConvNeXt_feature_876,ConvNeXt,0.00608154
ConvNeXt_feature_775,ConvNeXt,0.0060704015
ConvNeXt_feature_256,ConvNeXt,0.006034762
ConvNeXt_feature_618,ConvNeXt,0.005998126
ConvNeXt_feature_171,ConvNeXt,0.005986013
ConvNeXt_feature_263,ConvNeXt,0.005956133
ConvNeXt_feature_910,ConvNeXt,0.005938716
ConvNeXt_feature_805,ConvNeXt,0.005933009
ConvNeXt_feature_520,ConvNeXt,0.005905597
ConvNeXt_feature_311,ConvNeXt,0.005887771
ConvNeXt_feature_861,ConvNeXt,0.005819172
ConvNeXt_feature_900,ConvNeXt,0.005808208
ConvNeXt_feature_995,ConvNeXt,0.005804295
ConvNeXt_feature_429,ConvNeXt,0.005772857
ConvNeXt_feature_540,ConvNeXt,0.005738611
ConvNeXt_feature_307,ConvNeXt,0.0057376577
ConvNeXt_feature_827,ConvNeXt,0.0057335855
ConvNeXt_feature_687,ConvNeXt,0.005694496
ConvNeXt_feature_651,ConvNeXt,0.0056485343
ConvNeXt_feature_44,ConvNeXt,0.0056154104
ConvNeXt_feature_665,ConvNeXt,0.0056075305
ConvNeXt_feature_661,ConvNeXt,0.005604364
ConvNeXt_feature_325,ConvNeXt,0.005568938
ConvNeXt_feature_982,ConvNeXt,0.005553237
ConvNeXt_feature_150,ConvNeXt,0.0055399532
ConvNeXt_feature_131,ConvNeXt,0.005522432
ConvNeXt_feature_443,ConvNeXt,0.0055171037
ConvNeXt_feature_90,ConvNeXt,0.005504313
ConvNeXt_feature_723,ConvNeXt,0.005489516
ConvNeXt_feature_428,ConvNeXt,0.005473852
ConvNeXt_feature_508,ConvNeXt,0.005465494
ConvNeXt_feature_127,ConvNeXt,0.0054354523
ConvNeXt_feature_425,ConvNeXt,0.005429043
ConvNeXt_feature_509,ConvNeXt,0.005422842
ConvNeXt_feature_904,ConvNeXt,0.005412872
ConvNeXt_feature_133,ConvNeXt,0.0054093977
ConvNeXt_feature_252,ConvNeXt,0.0053901365
ConvNeXt_feature_986,ConvNeXt,0.0053795334
ConvNeXt_feature_447,ConvNeXt,0.0053741736
ConvNeXt_feature_172,ConvNeXt,0.0053324252
ConvNeXt_feature_269,ConvNeXt,0.0052670836
ConvNeXt_feature_491,ConvNeXt,0.00524001
ConvNeXt_feature_538,ConvNeXt,0.0051989
ConvNeXt_feature_755,ConvNeXt,0.0051930505
ConvNeXt_feature_50,ConvNeXt,0.0051463335
ConvNeXt_feature_940,ConvNeXt,0.005139716
ConvNeXt_feature_949,ConvNeXt,0.0051256237
ConvNeXt_feature_70,ConvNeXt,0.0050713387
VisionMamba_feature_638,Vision_Mamba,0.0050649447
ConvNeXt_feature_991,ConvNeXt,0.0050618993
ConvNeXt_feature_187,ConvNeXt,0.005031697
ConvNeXt_feature_1020,ConvNeXt,0.0050060935
ConvNeXt_feature_181,ConvNeXt,0.0049952567
ConvNeXt_feature_1001,ConvNeXt,0.0049867854
ConvNeXt_feature_136,ConvNeXt,0.0049724183
ConvNeXt_feature_671,ConvNeXt,0.0049603377
ConvNeXt_feature_235,ConvNeXt,0.0049528494
ConvNeXt_feature_667,ConvNeXt,0.0049512195
ConvNeXt_feature_625,ConvNeXt,0.0049305
ConvNeXt_feature_975,ConvNeXt,0.0048456043
ConvNeXt_feature_886,ConvNeXt,0.0048189806
ConvNeXt_feature_980,ConvNeXt,0.0047918796
ConvNeXt_feature_217,ConvNeXt,0.0047660903
ConvNeXt_feature_729,ConvNeXt,0.0047636474
ConvNeXt_feature_1010,ConvNeXt,0.0047256155
ConvNeXt_feature_92,ConvNeXt,0.004713661
ConvNeXt_feature_529,ConvNeXt,0.0046936744
ConvNeXt_feature_422,ConvNeXt,0.0046649477
ConvNeXt_feature_304,ConvNeXt,0.0046644513
ConvNeXt_feature_626,ConvNeXt,0.0046640746
ConvNeXt_feature_658,ConvNeXt,0.0046344274
ConvNeXt_feature_59,ConvNeXt,0.0046020187
ConvNeXt_feature_395,ConvNeXt,0.004598682
ConvNeXt_feature_638,ConvNeXt,0.004568494
ConvNeXt_feature_19,ConvNeXt,0.004554448
ConvNeXt_feature_103,ConvNeXt,0.0045538195
ConvNeXt_feature_13,ConvNeXt,0.004539354
ConvNeXt_feature_273,ConvNeXt,0.00449299
ConvNeXt_feature_393,ConvNeXt,0.0044507575
ConvNeXt_feature_142,ConvNeXt,0.0044325646
ConvNeXt_feature_330,ConvNeXt,0.0043917326
ConvNeXt_feature_829,ConvNeXt,0.004364154
ConvNeXt_feature_331,ConvNeXt,0.0043454873
ConvNeXt_feature_726,ConvNeXt,0.004317954
ConvNeXt_feature_441,ConvNeXt,0.00430749
VisionMamba_feature_694,Vision_Mamba,0.004306377
ConvNeXt_feature_555,ConvNeXt,0.0042857267
ConvNeXt_feature_666,ConvNeXt,0.0042581935
ConvNeXt_feature_1014,ConvNeXt,0.004196639
ConvNeXt_feature_182,ConvNeXt,0.0041909944
ConvNeXt_feature_271,ConvNeXt,0.004166522
ConvNeXt_feature_830,ConvNeXt,0.0041490016
ConvNeXt_feature_288,ConvNeXt,0.004148311
ConvNeXt_feature_356,ConvNeXt,0.0041373465
ConvNeXt_feature_747,ConvNeXt,0.004123834
ConvNeXt_feature_705,ConvNeXt,0.0041102
ConvNeXt_feature_493,ConvNeXt,0.004089486
ConvNeXt_feature_966,ConvNeXt,0.004081552
ConvNeXt_feature_519,ConvNeXt,0.004068621
ConvNeXt_feature_608,ConvNeXt,0.0040512336
ConvNeXt_feature_803,ConvNeXt,0.004036258
ConvNeXt_feature_523,ConvNeXt,0.0040323245
ConvNeXt_feature_1002,ConvNeXt,0.004027767
ConvNeXt_feature_373,ConvNeXt,0.00402774
ConvNeXt_feature_405,ConvNeXt,0.0039852452
ConvNeXt_feature_768,ConvNeXt,0.0039768834
ConvNeXt_feature_175,ConvNeXt,0.0039630122
ConvNeXt_feature_588,ConvNeXt,0.003935388
ConvNeXt_feature_927,ConvNeXt,0.003923959
ConvNeXt_feature_974,ConvNeXt,0.0038891516
ConvNeXt_feature_956,ConvNeXt,0.00387912
ConvNeXt_feature_760,ConvNeXt,0.0038755154
ConvNeXt_feature_320,ConvNeXt,0.0038668995
ConvNeXt_feature_62,ConvNeXt,0.0038586326
ConvNeXt_feature_869,ConvNeXt,0.0038421636
ConvNeXt_feature_58,ConvNeXt,0.003823442
ConvNeXt_feature_85,ConvNeXt,0.0038229055
ConvNeXt_feature_249,ConvNeXt,0.0038024965
ConvNeXt_feature_218,ConvNeXt,0.0037618238
ConvNeXt_feature_789,ConvNeXt,0.0037470248
ConvNeXt_feature_266,ConvNeXt,0.0036996803
ConvNeXt_feature_209,ConvNeXt,0.0036982056
ConvNeXt_feature_718,ConvNeXt,0.0036876325
ConvNeXt_feature_1008,ConvNeXt,0.0036723162
ConvNeXt_feature_326,ConvNeXt,0.0036528811
ConvNeXt_feature_98,ConvNeXt,0.0036443456
ConvNeXt_feature_431,ConvNeXt,0.0036407865
ConvNeXt_feature_599,ConvNeXt,0.0036278015
ConvNeXt_feature_908,ConvNeXt,0.0035868702
ConvNeXt_feature_603,ConvNeXt,0.0035824664
VisionMamba_feature_263,Vision_Mamba,0.0035722035
ConvNeXt_feature_383,ConvNeXt,0.0035631948
ConvNeXt_feature_257,ConvNeXt,0.0035568883
ConvNeXt_feature_350,ConvNeXt,0.0035509255
ConvNeXt_feature_806,ConvNeXt,0.0035503418
ConvNeXt_feature_541,ConvNeXt,0.0035204093
ConvNeXt_feature_782,ConvNeXt,0.0034988602
ConvNeXt_feature_575,ConvNeXt,0.0034942746
ConvNeXt_feature_485,ConvNeXt,0.0034802803
ConvNeXt_feature_353,ConvNeXt,0.003477714
ConvNeXt_feature_236,ConvNeXt,0.0034502952
ConvNeXt_feature_466,ConvNeXt,0.0034166262
ConvNeXt_feature_251,ConvNeXt,0.003407018
VisionMamba_feature_75,Vision_Mamba,0.003371075
ConvNeXt_feature_149,ConvNeXt,0.0033649653
ConvNeXt_feature_558,ConvNeXt,0.0033591231
VisionMamba_feature_738,Vision_Mamba,0.0033534365
ConvNeXt_feature_64,ConvNeXt,0.0033101586
ConvNeXt_feature_413,ConvNeXt,0.0032843759
ConvNeXt_feature_852,ConvNeXt,0.0032696284
ConvNeXt_feature_862,ConvNeXt,0.0032666826
ConvNeXt_feature_809,ConvNeXt,0.0032537454
ConvNeXt_feature_160,ConvNeXt,0.003238395
ConvNeXt_feature_641,ConvNeXt,0.003234593
ConvNeXt_feature_79,ConvNeXt,0.0032248136
ConvNeXt_feature_994,ConvNeXt,0.003222074
ConvNeXt_feature_844,ConvNeXt,0.0032194648
ConvNeXt_feature_842,ConvNeXt,0.0032029676
VisionMamba_feature_126,Vision_Mamba,0.0031861123
ConvNeXt_feature_74,ConvNeXt,0.0031836892
ConvNeXt_feature_942,ConvNeXt,0.0031431613
ConvNeXt_feature_750,ConvNeXt,0.0031370157
ConvNeXt_feature_838,ConvNeXt,0.0031273146
ConvNeXt_feature_108,ConvNeXt,0.0030674054
ConvNeXt_feature_646,ConvNeXt,0.0030531818
ConvNeXt_feature_893,ConvNeXt,0.003053079
ConvNeXt_feature_25,ConvNeXt,0.003009735
ConvNeXt_feature_567,ConvNeXt,0.003008253
ConvNeXt_feature_469,ConvNeXt,0.0029780222
ConvNeXt_feature_459,ConvNeXt,0.0029662244
ConvNeXt_feature_794,ConvNeXt,0.0029176879
ConvNeXt_feature_421,ConvNeXt,0.0029165067
ConvNeXt_feature_894,ConvNeXt,0.0028850087
ConvNeXt_feature_824,ConvNeXt,0.0028692302
ConvNeXt_feature_796,ConvNeXt,0.002856515
ConvNeXt_feature_916,ConvNeXt,0.0028360046
ConvNeXt_feature_238,ConvNeXt,0.0028303051
VisionMamba_feature_552,Vision_Mamba,0.0028302306
ConvNeXt_feature_104,ConvNeXt,0.0028296043
ConvNeXt_feature_140,ConvNeXt,0.0028283943
ConvNeXt_feature_23,ConvNeXt,0.0028237673
ConvNeXt_feature_479,ConvNeXt,0.0028203493
ConvNeXt_feature_717,ConvNeXt,0.002820147
ConvNeXt_feature_500,ConvNeXt,0.0028120603
ConvNeXt_feature_482,ConvNeXt,0.0028038744
ConvNeXt_feature_392,ConvNeXt,0.0027922273
ConvNeXt_feature_732,ConvNeXt,0.0027737948
ConvNeXt_feature_221,ConvNeXt,0.0027342474
ConvNeXt_feature_93,ConvNeXt,0.0027217085
ConvNeXt_feature_550,ConvNeXt,0.0027150833
VisionMamba_feature_56,Vision_Mamba,0.002715022
ConvNeXt_feature_468,ConvNeXt,0.0027146142
ConvNeXt_feature_233,ConvNeXt,0.002695741
ConvNeXt_feature_524,ConvNeXt,0.0026572281
ConvNeXt_feature_442,ConvNeXt,0.0026485778
ConvNeXt_feature_124,ConvNeXt,0.002638686
ConvNeXt_feature_189,ConvNeXt,0.0025705313
ConvNeXt_feature_446,ConvNeXt,0.002564072
ConvNeXt_feature_277,ConvNeXt,0.002547098
ConvNeXt_feature_78,ConvNeXt,0.0025353536
ConvNeXt_feature_193,ConvNeXt,0.0025290889
ConvNeXt_feature_623,ConvNeXt,0.0024889384
ConvNeXt_feature_783,ConvNeXt,0.0024874248
ConvNeXt_feature_495,ConvNeXt,0.0024588362
ConvNeXt_feature_1018,ConvNeXt,0.0024485176
ConvNeXt_feature_348,ConvNeXt,0.00242881
ConvNeXt_feature_376,ConvNeXt,0.0024213835
ConvNeXt_feature_83,ConvNeXt,0.0024047764
ConvNeXt_feature_377,ConvNeXt,0.0024023366
ConvNeXt_feature_896,ConvNeXt,0.0024007864
ConvNeXt_feature_818,ConvNeXt,0.0023984192
VisionMamba_feature_730,Vision_Mamba,0.0023969403
ConvNeXt_feature_130,ConvNeXt,0.0023718078
ConvNeXt_feature_448,ConvNeXt,0.0023701244
ConvNeXt_feature_568,ConvNeXt,0.0023421873
ConvNeXt_feature_409,ConvNeXt,0.0023404693
ConvNeXt_feature_452,ConvNeXt,0.0023065435
ConvNeXt_feature_919,ConvNeXt,0.0022911914
ConvNeXt_feature_167,ConvNeXt,0.0022849867
ConvNeXt_feature_556,ConvNeXt,0.0022840132
ConvNeXt_feature_439,ConvNeXt,0.0022490958
VisionMamba_feature_643,Vision_Mamba,0.0022436061
ConvNeXt_feature_639,ConvNeXt,0.002243018
ConvNeXt_feature_165,ConvNeXt,0.0022287709
ConvNeXt_feature_769,ConvNeXt,0.0022275257
ConvNeXt_feature_223,ConvNeXt,0.0021773847
ConvNeXt_feature_848,ConvNeXt,0.0021726266
ConvNeXt_feature_619,ConvNeXt,0.0021620893
VisionMamba_feature_240,Vision_Mamba,0.0021524823
ConvNeXt_feature_394,ConvNeXt,0.0021518087
ConvNeXt_feature_678,ConvNeXt,0.0021514443
ConvNeXt_feature_180,ConvNeXt,0.0021057434
ConvNeXt_feature_867,ConvNeXt,0.0020797078
ConvNeXt_feature_828,ConvNeXt,0.0020768358
ConvNeXt_feature_695,ConvNeXt,0.002056462
ConvNeXt_feature_498,ConvNeXt,0.0020474277
ConvNeXt_feature_590,ConvNeXt,0.0020284709
VisionMamba_feature_752,Vision_Mamba,0.0020178137
ConvNeXt_feature_650,ConvNeXt,0.0019830249
ConvNeXt_feature_542,ConvNeXt,0.0019505351
ConvNeXt_feature_253,ConvNeXt,0.0019180835
ConvNeXt_feature_628,ConvNeXt,0.0018997423
ConvNeXt_feature_63,ConvNeXt,0.0018989666
ConvNeXt_feature_110,ConvNeXt,0.001898818
ConvNeXt_feature_374,ConvNeXt,0.0018986579
ConvNeXt_feature_368,ConvNeXt,0.0018905133
ConvNeXt_feature_781,ConvNeXt,0.0018880431
ConvNeXt_feature_915,ConvNeXt,0.0018836119
VisionMamba_feature_286,Vision_Mamba,0.001872342
ConvNeXt_feature_463,ConvNeXt,0.0018564876
VisionMamba_feature_104,Vision_Mamba,0.0018562177
VisionMamba_feature_58,Vision_Mamba,0.0018500068
ConvNeXt_feature_314,ConvNeXt,0.0018485013
VisionMamba_feature_704,Vision_Mamba,0.0018343129
VisionMamba_feature_710,Vision_Mamba,0.0018222542
ConvNeXt_feature_289,ConvNeXt,0.0018010631
ConvNeXt_feature_417,ConvNeXt,0.001775667
ConvNeXt_feature_3,ConvNeXt,0.0017750626
VisionMamba_feature_592,Vision_Mamba,0.0017747848
ConvNeXt_feature_957,ConvNeXt,0.0017628493
ConvNeXt_feature_983,ConvNeXt,0.0017596021
VisionMamba_feature_607,Vision_Mamba,0.0017593764
ConvNeXt_feature_911,ConvNeXt,0.0017407825
ConvNeXt_feature_125,ConvNeXt,0.0017384944
ConvNeXt_feature_798,ConvNeXt,0.001725063
ConvNeXt_feature_35,ConvNeXt,0.0017208641
VisionMamba_feature_343,Vision_Mamba,0.0017154472
ConvNeXt_feature_283,ConvNeXt,0.0017141864
ConvNeXt_feature_220,ConvNeXt,0.0017136073
ConvNeXt_feature_778,ConvNeXt,0.001707908
ConvNeXt_feature_636,ConvNeXt,0.0017072692
ConvNeXt_feature_928,ConvNeXt,0.0016976184
ConvNeXt_feature_799,ConvNeXt,0.0016699553
VisionMamba_feature_533,Vision_Mamba,0.0016660881
ConvNeXt_feature_622,ConvNeXt,0.0016516121
VisionMamba_feature_586,Vision_Mamba,0.0016456628
VisionMamba_feature_199,Vision_Mamba,0.0016252233
ConvNeXt_feature_593,ConvNeXt,0.0016119184
ConvNeXt_feature_359,ConvNeXt,0.0016063593
ConvNeXt_feature_148,ConvNeXt,0.0016050107
VisionMamba_feature_437,Vision_Mamba,0.0016046406
ConvNeXt_feature_963,ConvNeXt,0.0015941412
ConvNeXt_feature_704,ConvNeXt,0.0015940964
VisionMamba_feature_485,Vision_Mamba,0.0015831474
ConvNeXt_feature_38,ConvNeXt,0.0015673747
ConvNeXt_feature_688,ConvNeXt,0.0015623801
ConvNeXt_feature_48,ConvNeXt,0.001557605
ConvNeXt_feature_61,ConvNeXt,0.001503007
VisionMamba_feature_551,Vision_Mamba,0.0014994857
ConvNeXt_feature_18,ConvNeXt,0.0014809194
ConvNeXt_feature_936,ConvNeXt,0.001480154
ConvNeXt_feature_997,ConvNeXt,0.0014799236
VisionMamba_feature_462,Vision_Mamba,0.0014785794
VisionMamba_feature_193,Vision_Mamba,0.0014715425
ConvNeXt_feature_456,ConvNeXt,0.0014685587
VisionMamba_feature_681,Vision_Mamba,0.001467563
VisionMamba_feature_593,Vision_Mamba,0.0014546165
ConvNeXt_feature_114,ConvNeXt,0.0014543262
ConvNeXt_feature_992,ConvNeXt,0.0014425244
VisionMamba_feature_285,Vision_Mamba,0.001437197
VisionMamba_feature_541,Vision_Mamba,0.0014299869
ConvNeXt_feature_596,ConvNeXt,0.0014277636
ConvNeXt_feature_97,ConvNeXt,0.0014234969
VisionMamba_feature_543,Vision_Mamba,0.0014230651
ConvNeXt_feature_880,ConvNeXt,0.0014003307
VisionMamba_feature_423,Vision_Mamba,0.0013919416
ConvNeXt_feature_208,ConvNeXt,0.0013894492
VisionMamba_feature_18,Vision_Mamba,0.0013829401
VisionMamba_feature_129,Vision_Mamba,0.0013812921
VisionMamba_feature_334,Vision_Mamba,0.0013763501
ConvNeXt_feature_284,ConvNeXt,0.0013687408
ConvNeXt_feature_40,ConvNeXt,0.0013657594
ConvNeXt_feature_192,ConvNeXt,0.0013653812
ConvNeXt_feature_553,ConvNeXt,0.0013569058
VisionMamba_feature_560,Vision_Mamba,0.001351463
ConvNeXt_feature_543,ConvNeXt,0.0013430357
ConvNeXt_feature_111,ConvNeXt,0.0013377217
ConvNeXt_feature_278,ConvNeXt,0.00133567
VisionMamba_feature_718,Vision_Mamba,0.0013338589
ConvNeXt_feature_895,ConvNeXt,0.0013336501
VisionMamba_feature_351,Vision_Mamba,0.0013265328
VisionMamba_feature_127,Vision_Mamba,0.0013222776
ConvNeXt_feature_363,ConvNeXt,0.001310511
ConvNeXt_feature_807,ConvNeXt,0.0013079976
VisionMamba_feature_72,Vision_Mamba,0.001306385
VisionMamba_feature_134,Vision_Mamba,0.0012997065
ConvNeXt_feature_742,ConvNeXt,0.0012980994
VisionMamba_feature_103,Vision_Mamba,0.0012944364
ConvNeXt_feature_703,ConvNeXt,0.0012939628
ConvNeXt_feature_837,ConvNeXt,0.0012912998
ConvNeXt_feature_147,ConvNeXt,0.0012890032
ConvNeXt_feature_216,ConvNeXt,0.0012793659
VisionMamba_feature_76,Vision_Mamba,0.0012347624
ConvNeXt_feature_674,ConvNeXt,0.0012334065
VisionMamba_feature_413,Vision_Mamba,0.0012243706
VisionMamba_feature_520,Vision_Mamba,0.0012051308
VisionMamba_feature_38,Vision_Mamba,0.0012037237
VisionMamba_feature_390,Vision_Mamba,0.001200982
ConvNeXt_feature_197,ConvNeXt,0.0012004223
VisionMamba_feature_88,Vision_Mamba,0.0011991572
ConvNeXt_feature_772,ConvNeXt,0.0011991316
VisionMamba_feature_63,Vision_Mamba,0.001198231
ConvNeXt_feature_402,ConvNeXt,0.0011975955
VisionMamba_feature_45,Vision_Mamba,0.0011909547
VisionMamba_feature_561,Vision_Mamba,0.0011780311
ConvNeXt_feature_998,ConvNeXt,0.0011770485
VisionMamba_feature_230,Vision_Mamba,0.0011760297
ConvNeXt_feature_918,ConvNeXt,0.0011745462
VisionMamba_feature_170,Vision_Mamba,0.001167562
VisionMamba_feature_530,Vision_Mamba,0.0011622497
VisionMamba_feature_422,Vision_Mamba,0.0011593224
ConvNeXt_feature_820,ConvNeXt,0.0011588195
VisionMamba_feature_311,Vision_Mamba,0.0011567518
VisionMamba_feature_267,Vision_Mamba,0.0011494408
ConvNeXt_feature_451,ConvNeXt,0.0011488595
VisionMamba_feature_108,Vision_Mamba,0.0011435683
VisionMamba_feature_468,Vision_Mamba,0.0011425671
VisionMamba_feature_46,Vision_Mamba,0.0011274153
ConvNeXt_feature_298,ConvNeXt,0.0011236953
ConvNeXt_feature_440,ConvNeXt,0.001119189
VisionMamba_feature_235,Vision_Mamba,0.0011191061
VisionMamba_feature_5,Vision_Mamba,0.0011108979
VisionMamba_feature_180,Vision_Mamba,0.0011030632
ConvNeXt_feature_696,ConvNeXt,0.0011029739
ConvNeXt_feature_141,ConvNeXt,0.001102916
ConvNeXt_feature_488,ConvNeXt,0.0011003603
ConvNeXt_feature_629,ConvNeXt,0.0010983108
ConvNeXt_feature_888,ConvNeXt,0.0010853653
VisionMamba_feature_217,Vision_Mamba,0.0010741841
VisionMamba_feature_527,Vision_Mamba,0.0010662411
VisionMamba_feature_637,Vision_Mamba,0.0010659235
VisionMamba_feature_350,Vision_Mamba,0.001064602
VisionMamba_feature_498,Vision_Mamba,0.0010605255
ConvNeXt_feature_471,ConvNeXt,0.0010569624
VisionMamba_feature_733,Vision_Mamba,0.0010460911
VisionMamba_feature_735,Vision_Mamba,0.0010445458
ConvNeXt_feature_475,ConvNeXt,0.001039187
ConvNeXt_feature_455,ConvNeXt,0.0010318164
ConvNeXt_feature_207,ConvNeXt,0.0010317084
ConvNeXt_feature_481,ConvNeXt,0.0010284532
ConvNeXt_feature_560,ConvNeXt,0.0010246556
VisionMamba_feature_740,Vision_Mamba,0.0010214403
ConvNeXt_feature_965,ConvNeXt,0.0010210818
VisionMamba_feature_623,Vision_Mamba,0.0010154917
VisionMamba_feature_123,Vision_Mamba,0.0010082845
VisionMamba_feature_259,Vision_Mamba,0.0010078932
ConvNeXt_feature_745,ConvNeXt,0.0010043952
VisionMamba_feature_271,Vision_Mamba,0.0009918016
VisionMamba_feature_326,Vision_Mamba,0.0009872313
ConvNeXt_feature_94,ConvNeXt,0.0009854644
VisionMamba_feature_570,Vision_Mamba,0.000977689
VisionMamba_feature_670,Vision_Mamba,0.00097571965
VisionMamba_feature_25,Vision_Mamba,0.0009662999
VisionMamba_feature_674,Vision_Mamba,0.0009602616
VisionMamba_feature_214,Vision_Mamba,0.00095997605
ConvNeXt_feature_213,ConvNeXt,0.00095931895
ConvNeXt_feature_450,ConvNeXt,0.00095614465
ConvNeXt_feature_759,ConvNeXt,0.00095503725
VisionMamba_feature_519,Vision_Mamba,0.0009524615
VisionMamba_feature_192,Vision_Mamba,0.00094729586
ConvNeXt_feature_571,ConvNeXt,0.00094618386
VisionMamba_feature_591,Vision_Mamba,0.000941346
VisionMamba_feature_504,Vision_Mamba,0.00092826784
ConvNeXt_feature_430,ConvNeXt,0.0009262321
ConvNeXt_feature_854,ConvNeXt,0.0009249405
VisionMamba_feature_622,Vision_Mamba,0.00092080777
ConvNeXt_feature_423,ConvNeXt,0.00091720704
ConvNeXt_feature_101,ConvNeXt,0.0009111605
VisionMamba_feature_400,Vision_Mamba,0.00088402577
VisionMamba_feature_262,Vision_Mamba,0.0008840211
VisionMamba_feature_338,Vision_Mamba,0.0008664518
VisionMamba_feature_759,Vision_Mamba,0.0008405733
VisionMamba_feature_488,Vision_Mamba,0.0008396031
VisionMamba_feature_587,Vision_Mamba,0.0008284692
VisionMamba_feature_555,Vision_Mamba,0.0008247186
VisionMamba_feature_619,Vision_Mamba,0.0008175937
VisionMamba_feature_221,Vision_Mamba,0.00081551337
VisionMamba_feature_729,Vision_Mamba,0.0008147937
ConvNeXt_feature_46,ConvNeXt,0.0008127405
VisionMamba_feature_67,Vision_Mamba,0.00081120455
VisionMamba_feature_442,Vision_Mamba,0.0008078908
VisionMamba_feature_140,Vision_Mamba,0.00079339714
ConvNeXt_feature_864,ConvNeXt,0.00079072843
VisionMamba_feature_414,Vision_Mamba,0.0007853805
VisionMamba_feature_205,Vision_Mamba,0.00078532955
VisionMamba_feature_768,Vision_Mamba,0.0007830004
VisionMamba_feature_526,Vision_Mamba,0.0007815414
VisionMamba_feature_668,Vision_Mamba,0.000773133
VisionMamba_feature_571,Vision_Mamba,0.00077231304
VisionMamba_feature_375,Vision_Mamba,0.0007692591
VisionMamba_feature_630,Vision_Mamba,0.0007655048
ConvNeXt_feature_699,ConvNeXt,0.00076316367
VisionMamba_feature_584,Vision_Mamba,0.00076034333
VisionMamba_feature_13,Vision_Mamba,0.00075718015
VisionMamba_feature_535,Vision_Mamba,0.0007549352
VisionMamba_feature_100,Vision_Mamba,0.00075247884
ConvNeXt_feature_501,ConvNeXt,0.0007517379
VisionMamba_feature_296,Vision_Mamba,0.0007436372
VisionMamba_feature_374,Vision_Mamba,0.00073899387
VisionMamba_feature_545,Vision_Mamba,0.0007367523
VisionMamba_feature_743,Vision_Mamba,0.0007292277
VisionMamba_feature_273,Vision_Mamba,0.00072516367
VisionMamba_feature_590,Vision_Mamba,0.00072237756
VisionMamba_feature_59,Vision_Mamba,0.0007101767
VisionMamba_feature_257,Vision_Mamba,0.0007060285
ConvNeXt_feature_341,ConvNeXt,0.00069078186
VisionMamba_feature_425,Vision_Mamba,0.00069019233
ConvNeXt_feature_516,ConvNeXt,0.00068880216
VisionMamba_feature_246,Vision_Mamba,0.00068192364
VisionMamba_feature_615,Vision_Mamba,0.0006672311
VisionMamba_feature_99,Vision_Mamba,0.00066532515
VisionMamba_feature_426,Vision_Mamba,0.00066337886
VisionMamba_feature_477,Vision_Mamba,0.00066216226
VisionMamba_feature_266,Vision_Mamba,0.00065580464
ConvNeXt_feature_669,ConvNeXt,0.00065514556
ConvNeXt_feature_947,ConvNeXt,0.0006546563
VisionMamba_feature_29,Vision_Mamba,0.0006531583
VisionMamba_feature_621,Vision_Mamba,0.00064873067
ConvNeXt_feature_34,ConvNeXt,0.00064853387
ConvNeXt_feature_700,ConvNeXt,0.00064748107
VisionMamba_feature_148,Vision_Mamba,0.00064363336
VisionMamba_feature_617,Vision_Mamba,0.0006428502
VisionMamba_feature_548,Vision_Mamba,0.00064013747
VisionMamba_feature_405,Vision_Mamba,0.00063952256
ConvNeXt_feature_546,ConvNeXt,0.00063105137
VisionMamba_feature_202,Vision_Mamba,0.0006296403
VisionMamba_feature_283,Vision_Mamba,0.00062835956
VisionMamba_feature_363,Vision_Mamba,0.00062701554
VisionMamba_feature_281,Vision_Mamba,0.00062673003
VisionMamba_feature_559,Vision_Mamba,0.0006246501
VisionMamba_feature_525,Vision_Mamba,0.0006224837
VisionMamba_feature_612,Vision_Mamba,0.00062005344
VisionMamba_feature_421,Vision_Mamba,0.00061779324
VisionMamba_feature_428,Vision_Mamba,0.0006156191
VisionMamba_feature_161,Vision_Mamba,0.0006154865
VisionMamba_feature_62,Vision_Mamba,0.0006147052
VisionMamba_feature_95,Vision_Mamba,0.00061227323
VisionMamba_feature_739,Vision_Mamba,0.00061180705
VisionMamba_feature_493,Vision_Mamba,0.00059996184
VisionMamba_feature_125,Vision_Mamba,0.0005986688
VisionMamba_feature_502,Vision_Mamba,0.0005948062
VisionMamba_feature_620,Vision_Mamba,0.0005923794
VisionMamba_feature_430,Vision_Mamba,0.000591405
VisionMamba_feature_177,Vision_Mamba,0.0005903612
ConvNeXt_feature_922,ConvNeXt,0.000586729
ConvNeXt_feature_741,ConvNeXt,0.0005778867
ConvNeXt_feature_382,ConvNeXt,0.00057658163
VisionMamba_feature_372,Vision_Mamba,0.00056680315
VisionMamba_feature_433,Vision_Mamba,0.0005632048
VisionMamba_feature_389,Vision_Mamba,0.00056229404
VisionMamba_feature_93,Vision_Mamba,0.0005620546
VisionMamba_feature_378,Vision_Mamba,0.00056166435
VisionMamba_feature_677,Vision_Mamba,0.0005572312
VisionMamba_feature_91,Vision_Mamba,0.00055648974
VisionMamba_feature_481,Vision_Mamba,0.0005550623
ConvNeXt_feature_1,ConvNeXt,0.00055004866
VisionMamba_feature_368,Vision_Mamba,0.0005451973
VisionMamba_feature_514,Vision_Mamba,0.000540923
ConvNeXt_feature_659,ConvNeXt,0.00053969404
VisionMamba_feature_212,Vision_Mamba,0.00053931045
VisionMamba_feature_575,Vision_Mamba,0.00053765636
VisionMamba_feature_633,Vision_Mamba,0.0005347313
VisionMamba_feature_713,Vision_Mamba,0.00053461746
VisionMamba_feature_516,Vision_Mamba,0.00053419993
VisionMamba_feature_239,Vision_Mamba,0.0005328029
ConvNeXt_feature_120,ConvNeXt,0.0005327562
VisionMamba_feature_756,Vision_Mamba,0.0005312151
VisionMamba_feature_79,Vision_Mamba,0.00052526506
VisionMamba_feature_767,Vision_Mamba,0.0005195915
VisionMamba_feature_145,Vision_Mamba,0.00051539403
VisionMamba_feature_124,Vision_Mamba,0.00051521213
VisionMamba_feature_149,Vision_Mamba,0.00050996034
VisionMamba_feature_344,Vision_Mamba,0.00050441874
VisionMamba_feature_534,Vision_Mamba,0.0005018252
VisionMamba_feature_679,Vision_Mamba,0.00050076947
VisionMamba_feature_186,Vision_Mamba,0.00049997115
VisionMamba_feature_182,Vision_Mamba,0.00049514446
VisionMamba_feature_714,Vision_Mamba,0.0004950033
VisionMamba_feature_645,Vision_Mamba,0.0004931689
ConvNeXt_feature_66,ConvNeXt,0.0004921246
VisionMamba_feature_746,Vision_Mamba,0.00048785156
VisionMamba_feature_706,Vision_Mamba,0.00048445442
VisionMamba_feature_748,Vision_Mamba,0.00048236488
VisionMamba_feature_475,Vision_Mamba,0.00048221753
VisionMamba_feature_448,Vision_Mamba,0.00047722162
VisionMamba_feature_84,Vision_Mamba,0.00047591387
VisionMamba_feature_511,Vision_Mamba,0.0004734016
ConvNeXt_feature_1023,ConvNeXt,0.00046976728
VisionMamba_feature_225,Vision_Mamba,0.00046974648
VisionMamba_feature_478,Vision_Mamba,0.0004672507
VisionMamba_feature_298,Vision_Mamba,0.00046587284
VisionMamba_feature_566,Vision_Mamba,0.0004611443
VisionMamba_feature_500,Vision_Mamba,0.0004593646
VisionMamba_feature_352,Vision_Mamba,0.00045614748
VisionMamba_feature_70,Vision_Mamba,0.00045361134
VisionMamba_feature_569,Vision_Mamba,0.00045250892
VisionMamba_feature_406,Vision_Mamba,0.00044667907
VisionMamba_feature_179,Vision_Mamba,0.0004440301
VisionMamba_feature_435,Vision_Mamba,0.00044254906
VisionMamba_feature_458,Vision_Mamba,0.00043926813
VisionMamba_feature_66,Vision_Mamba,0.0004389285
VisionMamba_feature_728,Vision_Mamba,0.00043716424
VisionMamba_feature_362,Vision_Mamba,0.00043356692
VisionMamba_feature_220,Vision_Mamba,0.00043305277
VisionMamba_feature_646,Vision_Mamba,0.00043300274
VisionMamba_feature_278,Vision_Mamba,0.0004304098
VisionMamba_feature_649,Vision_Mamba,0.00043009748
VisionMamba_feature_693,Vision_Mamba,0.00042912728
VisionMamba_feature_576,Vision_Mamba,0.00042781854
VisionMamba_feature_379,Vision_Mamba,0.00042398073
VisionMamba_feature_222,Vision_Mamba,0.0004203686
VisionMamba_feature_459,Vision_Mamba,0.0004200399
ConvNeXt_feature_369,ConvNeXt,0.00041995526
VisionMamba_feature_303,Vision_Mamba,0.00041986254
VisionMamba_feature_699,Vision_Mamba,0.00041683225
VisionMamba_feature_249,Vision_Mamba,0.00041480607
VisionMamba_feature_399,Vision_Mamba,0.00041280984
VisionMamba_feature_302,Vision_Mamba,0.00040713753
VisionMamba_feature_17,Vision_Mamba,0.00040607693
VisionMamba_feature_346,Vision_Mamba,0.00039939166
VisionMamba_feature_191,Vision_Mamba,0.00039818304
VisionMamba_feature_175,Vision_Mamba,0.00039638017
VisionMamba_feature_33,Vision_Mamba,0.00039518767
VisionMamba_feature_313,Vision_Mamba,0.00039435303
VisionMamba_feature_82,Vision_Mamba,0.00039413202
VisionMamba_feature_11,Vision_Mamba,0.00039323914
VisionMamba_feature_361,Vision_Mamba,0.00038996717
VisionMamba_feature_300,Vision_Mamba,0.00038934188
VisionMamba_feature_678,Vision_Mamba,0.00038710597
VisionMamba_feature_659,Vision_Mamba,0.0003855946
VisionMamba_feature_234,Vision_Mamba,0.0003832278
VisionMamba_feature_594,Vision_Mamba,0.0003803983
VisionMamba_feature_609,Vision_Mamba,0.00037739475
VisionMamba_feature_169,Vision_Mamba,0.000375511
VisionMamba_feature_30,Vision_Mamba,0.00037488109
VisionMamba_feature_727,Vision_Mamba,0.00037393972
VisionMamba_feature_626,Vision_Mamba,0.00037344158
VisionMamba_feature_762,Vision_Mamba,0.00037260933
VisionMamba_feature_44,Vision_Mamba,0.00037138024
VisionMamba_feature_429,Vision_Mamba,0.00037113015
VisionMamba_feature_439,Vision_Mamba,0.0003706702
VisionMamba_feature_301,Vision_Mamba,0.00036992485
VisionMamba_feature_299,Vision_Mamba,0.00036896742
VisionMamba_feature_196,Vision_Mamba,0.00036860062
VisionMamba_feature_279,Vision_Mamba,0.00036820557
ConvNeXt_feature_976,ConvNeXt,0.00036759302
ConvNeXt_feature_178,ConvNeXt,0.00036588396
VisionMamba_feature_503,Vision_Mamba,0.00036377678
VisionMamba_feature_683,Vision_Mamba,0.00035995952
VisionMamba_feature_501,Vision_Mamba,0.00035898222
VisionMamba_feature_602,Vision_Mamba,0.00035642734
VisionMamba_feature_330,Vision_Mamba,0.00035430418
VisionMamba_feature_218,Vision_Mamba,0.0003533031
VisionMamba_feature_563,Vision_Mamba,0.00035281558
VisionMamba_feature_23,Vision_Mamba,0.0003523439
VisionMamba_feature_480,Vision_Mamba,0.00034978313
VisionMamba_feature_306,Vision_Mamba,0.00034796892
VisionMamba_feature_542,Vision_Mamba,0.00034628375
VisionMamba_feature_663,Vision_Mamba,0.00034548054
VisionMamba_feature_489,Vision_Mamba,0.00034528764
VisionMamba_feature_42,Vision_Mamba,0.00034095216
VisionMamba_feature_261,Vision_Mamba,0.00033926655
VisionMamba_feature_317,Vision_Mamba,0.00033414614
VisionMamba_feature_567,Vision_Mamba,0.0003334384
VisionMamba_feature_114,Vision_Mamba,0.0003327919
VisionMamba_feature_624,Vision_Mamba,0.00033069603
VisionMamba_feature_397,Vision_Mamba,0.00032844057
VisionMamba_feature_672,Vision_Mamba,0.00032728512
VisionMamba_feature_573,Vision_Mamba,0.00032468178
VisionMamba_feature_115,Vision_Mamba,0.00032347685
VisionMamba_feature_377,Vision_Mamba,0.00032243165
VisionMamba_feature_631,Vision_Mamba,0.00032141333
VisionMamba_feature_52,Vision_Mamba,0.00032082445
VisionMamba_feature_264,Vision_Mamba,0.0003205895
VisionMamba_feature_648,Vision_Mamba,0.00031958532
VisionMamba_feature_356,Vision_Mamba,0.000319583
ConvNeXt_feature_679,ConvNeXt,0.00031788382
VisionMamba_feature_151,Vision_Mamba,0.0003174211
VisionMamba_feature_219,Vision_Mamba,0.00031548578
VisionMamba_feature_745,Vision_Mamba,0.00031542944
VisionMamba_feature_163,Vision_Mamba,0.00031258728
VisionMamba_feature_176,Vision_Mamba,0.00031242444
VisionMamba_feature_223,Vision_Mamba,0.00031147213
VisionMamba_feature_287,Vision_Mamba,0.0003091521
VisionMamba_feature_404,Vision_Mamba,0.00030855625
VisionMamba_feature_141,Vision_Mamba,0.00030816096
VisionMamba_feature_441,Vision_Mamba,0.00030677885
VisionMamba_feature_709,Vision_Mamba,0.00030566467
VisionMamba_feature_341,Vision_Mamba,0.00030545963
VisionMamba_feature_232,Vision_Mamba,0.00030521673
VisionMamba_feature_155,Vision_Mamba,0.0003001409
VisionMamba_feature_492,Vision_Mamba,0.00029931654
VisionMamba_feature_420,Vision_Mamba,0.00029894593
VisionMamba_feature_1,Vision_Mamba,0.00029847265
VisionMamba_feature_137,Vision_Mamba,0.00029772878
VisionMamba_feature_307,Vision_Mamba,0.0002975691
VisionMamba_feature_494,Vision_Mamba,0.0002957417
VisionMamba_feature_684,Vision_Mamba,0.0002943571
VisionMamba_feature_690,Vision_Mamba,0.00029375238
VisionMamba_feature_449,Vision_Mamba,0.00029308515
VisionMamba_feature_69,Vision_Mamba,0.00029065256
VisionMamba_feature_464,Vision_Mamba,0.00029015559
VisionMamba_feature_392,Vision_Mamba,0.00028914312
VisionMamba_feature_254,Vision_Mamba,0.0002871247
VisionMamba_feature_580,Vision_Mamba,0.00028613713
VisionMamba_feature_614,Vision_Mamba,0.00028437082
VisionMamba_feature_531,Vision_Mamba,0.0002843304
VisionMamba_feature_651,Vision_Mamba,0.0002820323
VisionMamba_feature_335,Vision_Mamba,0.00028192683
VisionMamba_feature_209,Vision_Mamba,0.0002814288
VisionMamba_feature_172,Vision_Mamba,0.00028084105
VisionMamba_feature_765,Vision_Mamba,0.00028016735
VisionMamba_feature_336,Vision_Mamba,0.00027961898
ConvNeXt_feature_200,ConvNeXt,0.0002787018
VisionMamba_feature_564,Vision_Mamba,0.0002785665
VisionMamba_feature_280,Vision_Mamba,0.00027798198
VisionMamba_feature_380,Vision_Mamba,0.00027340013
VisionMamba_feature_483,Vision_Mamba,0.00027327478
VisionMamba_feature_628,Vision_Mamba,0.00027270894
VisionMamba_feature_61,Vision_Mamba,0.00026982426
VisionMamba_feature_322,Vision_Mamba,0.00026894832
VisionMamba_feature_695,Vision_Mamba,0.00026833286
VisionMamba_feature_78,Vision_Mamba,0.00026662674
VisionMamba_feature_653,Vision_Mamba,0.00026530455
VisionMamba_feature_245,Vision_Mamba,0.0002636149
VisionMamba_feature_122,Vision_Mamba,0.00026213934
VisionMamba_feature_524,Vision_Mamba,0.00026177568
VisionMamba_feature_753,Vision_Mamba,0.00025980757
VisionMamba_feature_224,Vision_Mamba,0.00025967896
VisionMamba_feature_150,Vision_Mamba,0.00025936443
VisionMamba_feature_101,Vision_Mamba,0.00025692862
VisionMamba_feature_556,Vision_Mamba,0.0002568601
VisionMamba_feature_128,Vision_Mamba,0.00025627148
VisionMamba_feature_164,Vision_Mamba,0.0002562178
VisionMamba_feature_471,Vision_Mamba,0.0002559238
VisionMamba_feature_256,Vision_Mamba,0.00025500695
VisionMamba_feature_655,Vision_Mamba,0.0002549325
VisionMamba_feature_395,Vision_Mamba,0.00025293036
VisionMamba_feature_457,Vision_Mamba,0.0002499014
VisionMamba_feature_598,Vision_Mamba,0.00024951212
VisionMamba_feature_168,Vision_Mamba,0.0002480937
VisionMamba_feature_305,Vision_Mamba,0.00024735575
VisionMamba_feature_734,Vision_Mamba,0.0002469054
VisionMamba_feature_528,Vision_Mamba,0.00024645508
VisionMamba_feature_253,Vision_Mamba,0.00024168973
VisionMamba_feature_282,Vision_Mamba,0.00024115176
VisionMamba_feature_726,Vision_Mamba,0.0002379171
VisionMamba_feature_369,Vision_Mamba,0.00023732269
VisionMamba_feature_384,Vision_Mamba,0.00023546578
VisionMamba_feature_398,Vision_Mamba,0.00023221412
VisionMamba_feature_629,Vision_Mamba,0.00023146765
VisionMamba_feature_387,Vision_Mamba,0.00023100575
VisionMamba_feature_158,Vision_Mamba,0.00023092116
VisionMamba_feature_81,Vision_Mamba,0.00023088037
VisionMamba_feature_409,Vision_Mamba,0.00022918466
VisionMamba_feature_15,Vision_Mamba,0.00022882539
VisionMamba_feature_685,Vision_Mamba,0.00022758343
VisionMamba_feature_181,Vision_Mamba,0.00022586637
VisionMamba_feature_236,Vision_Mamba,0.00022288987
VisionMamba_feature_146,Vision_Mamba,0.00022078914
VisionMamba_feature_536,Vision_Mamba,0.00022063918
VisionMamba_feature_537,Vision_Mamba,0.00021971216
VisionMamba_feature_92,Vision_Mamba,0.00021923792
VisionMamba_feature_333,Vision_Mamba,0.00021905554
VisionMamba_feature_490,Vision_Mamba,0.00021830526
VisionMamba_feature_682,Vision_Mamba,0.00021811998
VisionMamba_feature_416,Vision_Mamba,0.00021649415
VisionMamba_feature_758,Vision_Mamba,0.00021609935
VisionMamba_feature_325,Vision_Mamba,0.00021524793
VisionMamba_feature_742,Vision_Mamba,0.00021506826
VisionMamba_feature_320,Vision_Mamba,0.00021481562
VisionMamba_feature_19,Vision_Mamba,0.00021481044
VisionMamba_feature_721,Vision_Mamba,0.00021201686
VisionMamba_feature_153,Vision_Mamba,0.0002109856
VisionMamba_feature_40,Vision_Mamba,0.000210885
VisionMamba_feature_547,Vision_Mamba,0.00021078518
VisionMamba_feature_517,Vision_Mamba,0.00020961635
VisionMamba_feature_293,Vision_Mamba,0.00020904798
VisionMamba_feature_365,Vision_Mamba,0.00020846796
VisionMamba_feature_702,Vision_Mamba,0.00020839585
VisionMamba_feature_166,Vision_Mamba,0.00020611382
VisionMamba_feature_665,Vision_Mamba,0.00020553704
VisionMamba_feature_366,Vision_Mamba,0.00020539259
VisionMamba_feature_689,Vision_Mamba,0.00020498231
VisionMamba_feature_491,Vision_Mamba,0.00020451925
VisionMamba_feature_3,Vision_Mamba,0.00020430969
VisionMamba_feature_332,Vision_Mamba,0.00020273021
VisionMamba_feature_707,Vision_Mamba,0.00020254072
VisionMamba_feature_87,Vision_Mamba,0.00020232743
VisionMamba_feature_200,Vision_Mamba,0.00020206564
VisionMamba_feature_268,Vision_Mamba,0.0002013586
VisionMamba_feature_201,Vision_Mamba,0.00020094328
VisionMamba_feature_675,Vision_Mamba,0.00020068172
VisionMamba_feature_658,Vision_Mamba,0.00020017165
VisionMamba_feature_364,Vision_Mamba,0.00019954273
VisionMamba_feature_371,Vision_Mamba,0.00019879785
VisionMamba_feature_578,Vision_Mamba,0.00019714475
VisionMamba_feature_540,Vision_Mamba,0.00019642095
VisionMamba_feature_211,Vision_Mamba,0.00019640614
VisionMamba_feature_274,Vision_Mamba,0.00019597873
VisionMamba_feature_203,Vision_Mamba,0.00019572956
VisionMamba_feature_616,Vision_Mamba,0.00019538747
VisionMamba_feature_89,Vision_Mamba,0.00019474779
VisionMamba_feature_210,Vision_Mamba,0.00019468428
VisionMamba_feature_763,Vision_Mamba,0.00019456513
VisionMamba_feature_764,Vision_Mamba,0.0001917633
ConvNeXt_feature_774,ConvNeXt,0.00019167339
VisionMamba_feature_331,Vision_Mamba,0.00019080717
ConvNeXt_feature_906,ConvNeXt,0.00019059792
VisionMamba_feature_138,Vision_Mamba,0.00019058315
VisionMamba_feature_486,Vision_Mamba,0.00019053397
VisionMamba_feature_112,Vision_Mamba,0.00019007668
VisionMamba_feature_691,Vision_Mamba,0.00019006492
VisionMamba_feature_36,Vision_Mamba,0.00018918636
VisionMamba_feature_446,Vision_Mamba,0.00018820819
VisionMamba_feature_340,Vision_Mamba,0.00018730093
VisionMamba_feature_603,Vision_Mamba,0.00018660916
VisionMamba_feature_467,Vision_Mamba,0.00018658204
VisionMamba_feature_231,Vision_Mamba,0.00018602726
VisionMamba_feature_316,Vision_Mamba,0.00018583244
VisionMamba_feature_308,Vision_Mamba,0.00018406512
VisionMamba_feature_703,Vision_Mamba,0.00018335135
VisionMamba_feature_454,Vision_Mamba,0.00018021563
VisionMamba_feature_53,Vision_Mamba,0.0001800883
VisionMamba_feature_391,Vision_Mamba,0.00017941515
VisionMamba_feature_396,Vision_Mamba,0.00017888803
VisionMamba_feature_473,Vision_Mamba,0.00017830597
VisionMamba_feature_323,Vision_Mamba,0.00017744204
VisionMamba_feature_469,Vision_Mamba,0.00017744076
VisionMamba_feature_432,Vision_Mamba,0.00017742351
VisionMamba_feature_647,Vision_Mamba,0.00017645636
VisionMamba_feature_328,Vision_Mamba,0.0001761539
VisionMamba_feature_410,Vision_Mamba,0.00017360828
VisionMamba_feature_470,Vision_Mamba,0.00017287505
VisionMamba_feature_472,Vision_Mamba,0.00017284151
VisionMamba_feature_265,Vision_Mamba,0.00017272965
VisionMamba_feature_597,Vision_Mamba,0.00017256974
VisionMamba_feature_105,Vision_Mamba,0.00017188331
VisionMamba_feature_505,Vision_Mamba,0.00017156766
VisionMamba_feature_754,Vision_Mamba,0.00017133397
VisionMamba_feature_606,Vision_Mamba,0.0001711495
ConvNeXt_feature_1016,ConvNeXt,0.00017039462
VisionMamba_feature_460,Vision_Mamba,0.00016947206
VisionMamba_feature_349,Vision_Mamba,0.00016931363
VisionMamba_feature_696,Vision_Mamba,0.0001688531
VisionMamba_feature_465,Vision_Mamba,0.00016752619
VisionMamba_feature_394,Vision_Mamba,0.00016673582
VisionMamba_feature_318,Vision_Mamba,0.00016621001
VisionMamba_feature_539,Vision_Mamba,0.00016545916
VisionMamba_feature_106,Vision_Mamba,0.00016455971
VisionMamba_feature_408,Vision_Mamba,0.00016432194
VisionMamba_feature_755,Vision_Mamba,0.00016351652
VisionMamba_feature_247,Vision_Mamba,0.00016335413
VisionMamba_feature_167,Vision_Mamba,0.0001631988
VisionMamba_feature_2,Vision_Mamba,0.00016295379
VisionMamba_feature_190,Vision_Mamba,0.00016254037
VisionMamba_feature_476,Vision_Mamba,0.00016103713
VisionMamba_feature_427,Vision_Mamba,0.00015927663
VisionMamba_feature_708,Vision_Mamba,0.00015885371
VisionMamba_feature_453,Vision_Mamba,0.00015819118
VisionMamba_feature_499,Vision_Mamba,0.00015790145
VisionMamba_feature_627,Vision_Mamba,0.00015750593
VisionMamba_feature_9,Vision_Mamba,0.00015634875
VisionMamba_feature_705,Vision_Mamba,0.0001528642
VisionMamba_feature_568,Vision_Mamba,0.00015254611
VisionMamba_feature_7,Vision_Mamba,0.00015229531
VisionMamba_feature_719,Vision_Mamba,0.00015138485
VisionMamba_feature_321,Vision_Mamba,0.00015117553
VisionMamba_feature_431,Vision_Mamba,0.00015113053
VisionMamba_feature_461,Vision_Mamba,0.00015038457
VisionMamba_feature_737,Vision_Mamba,0.00015024908
VisionMamba_feature_522,Vision_Mamba,0.00014961204
VisionMamba_feature_750,Vision_Mamba,0.00014960927
VisionMamba_feature_226,Vision_Mamba,0.00014939661
VisionMamba_feature_466,Vision_Mamba,0.00014722312
VisionMamba_feature_21,Vision_Mamba,0.00014654739
VisionMamba_feature_47,Vision_Mamba,0.00014653649
VisionMamba_feature_438,Vision_Mamba,0.00014545555
VisionMamba_feature_393,Vision_Mamba,0.00014483802
VisionMamba_feature_358,Vision_Mamba,0.00014433828
VisionMamba_feature_701,Vision_Mamba,0.00014422645
VisionMamba_feature_711,Vision_Mamba,0.00014415118
VisionMamba_feature_165,Vision_Mamba,0.00014340713
VisionMamba_feature_605,Vision_Mamba,0.00014301874
VisionMamba_feature_720,Vision_Mamba,0.00014245391
VisionMamba_feature_538,Vision_Mamba,0.0001423006
VisionMamba_feature_688,Vision_Mamba,0.00014136141
VisionMamba_feature_558,Vision_Mamba,0.00014127861
VisionMamba_feature_554,Vision_Mamba,0.00014096468
VisionMamba_feature_347,Vision_Mamba,0.00014093435
VisionMamba_feature_147,Vision_Mamba,0.00014084953
VisionMamba_feature_370,Vision_Mamba,0.00014010453
VisionMamba_feature_661,Vision_Mamba,0.00013966483
VisionMamba_feature_98,Vision_Mamba,0.00013837831
VisionMamba_feature_359,Vision_Mamba,0.000138169
VisionMamba_feature_662,Vision_Mamba,0.00013775061
VisionMamba_feature_657,Vision_Mamba,0.00013716464
VisionMamba_feature_269,Vision_Mamba,0.00013716426
VisionMamba_feature_669,Vision_Mamba,0.00013631184
VisionMamba_feature_557,Vision_Mamba,0.00013580867
VisionMamba_feature_512,Vision_Mamba,0.00013445436
VisionMamba_feature_238,Vision_Mamba,0.00013442941
VisionMamba_feature_162,Vision_Mamba,0.00013246694
VisionMamba_feature_31,Vision_Mamba,0.00013229245
VisionMamba_feature_452,Vision_Mamba,0.0001314448
VisionMamba_feature_216,Vision_Mamba,0.00013085511
VisionMamba_feature_110,Vision_Mamba,0.00013051843
VisionMamba_feature_497,Vision_Mamba,0.0001302035
VisionMamba_feature_676,Vision_Mamba,0.00012996557
VisionMamba_feature_357,Vision_Mamba,0.0001293164
VisionMamba_feature_600,Vision_Mamba,0.00012739978
VisionMamba_feature_482,Vision_Mamba,0.00012725839
VisionMamba_feature_417,Vision_Mamba,0.00012707412
VisionMamba_feature_28,Vision_Mamba,0.00012596429
VisionMamba_feature_407,Vision_Mamba,0.00012451918
VisionMamba_feature_255,Vision_Mamba,0.00012418616
VisionMamba_feature_35,Vision_Mamba,0.00012384423
VisionMamba_feature_309,Vision_Mamba,0.00012341567
VisionMamba_feature_367,Vision_Mamba,0.000123386
VisionMamba_feature_130,Vision_Mamba,0.00012235947
VisionMamba_feature_119,Vision_Mamba,0.00012221257
VisionMamba_feature_74,Vision_Mamba,0.00012154608
VisionMamba_feature_550,Vision_Mamba,0.000120953984
VisionMamba_feature_288,Vision_Mamba,0.00011894041
VisionMamba_feature_574,Vision_Mamba,0.00011886276
VisionMamba_feature_401,Vision_Mamba,0.000118378804
VisionMamba_feature_686,Vision_Mamba,0.00011730471
VisionMamba_feature_515,Vision_Mamba,0.00011709809
VisionMamba_feature_635,Vision_Mamba,0.000116056646
VisionMamba_feature_697,Vision_Mamba,0.00011448146
VisionMamba_feature_386,Vision_Mamba,0.000114266884
VisionMamba_feature_388,Vision_Mamba,0.00011423212
VisionMamba_feature_747,Vision_Mamba,0.00011312643
VisionMamba_feature_51,Vision_Mamba,0.000112774665
VisionMamba_feature_178,Vision_Mamba,0.00011270416
VisionMamba_feature_717,Vision_Mamba,0.000112596135
VisionMamba_feature_572,Vision_Mamba,0.00011233787
VisionMamba_feature_495,Vision_Mamba,0.00011222069
VisionMamba_feature_60,Vision_Mamba,0.00011189068
VisionMamba_feature_736,Vision_Mamba,0.00011165904
VisionMamba_feature_692,Vision_Mamba,0.00011147575
VisionMamba_feature_565,Vision_Mamba,0.00011119742
VisionMamba_feature_276,Vision_Mamba,0.00011069007
VisionMamba_feature_549,Vision_Mamba,0.00011045092
VisionMamba_feature_73,Vision_Mamba,0.00011025625
VisionMamba_feature_111,Vision_Mamba,0.00010934173
VisionMamba_feature_173,Vision_Mamba,0.000108929315
VisionMamba_feature_581,Vision_Mamba,0.000108851404
VisionMamba_feature_117,Vision_Mamba,0.00010877019
VisionMamba_feature_660,Vision_Mamba,0.00010798129
VisionMamba_feature_24,Vision_Mamba,0.00010795309
VisionMamba_feature_654,Vision_Mamba,0.0001079253
VisionMamba_feature_419,Vision_Mamba,0.00010776386
VisionMamba_feature_310,Vision_Mamba,0.00010687602
VisionMamba_feature_143,Vision_Mamba,0.0001063161
VisionMamba_feature_546,Vision_Mamba,0.000104749895
VisionMamba_feature_583,Vision_Mamba,0.0001042428
VisionMamba_feature_403,Vision_Mamba,0.00010340618
VisionMamba_feature_277,Vision_Mamba,0.000102867
VisionMamba_feature_509,Vision_Mamba,0.000101162266
VisionMamba_feature_440,Vision_Mamba,0.000100923375
VisionMamba_feature_354,Vision_Mamba,0.000100594254
VisionMamba_feature_107,Vision_Mamba,9.974731e-05
VisionMamba_feature_10,Vision_Mamba,9.97024e-05
VisionMamba_feature_698,Vision_Mamba,9.9163095e-05
VisionMamba_feature_613,Vision_Mamba,9.8470475e-05
VisionMamba_feature_434,Vision_Mamba,9.8306155e-05
VisionMamba_feature_610,Vision_Mamba,9.760341e-05
VisionMamba_feature_402,Vision_Mamba,9.699819e-05
VisionMamba_feature_529,Vision_Mamba,9.646212e-05
VisionMamba_feature_415,Vision_Mamba,9.5323696e-05
VisionMamba_feature_381,Vision_Mamba,9.464704e-05
VisionMamba_feature_642,Vision_Mamba,9.347088e-05
VisionMamba_feature_508,Vision_Mamba,9.303199e-05
VisionMamba_feature_479,Vision_Mamba,9.29998e-05
VisionMamba_feature_228,Vision_Mamba,9.2908056e-05
VisionMamba_feature_248,Vision_Mamba,9.2278824e-05
VisionMamba_feature_289,Vision_Mamba,9.141045e-05
VisionMamba_feature_589,Vision_Mamba,9.127582e-05
VisionMamba_feature_562,Vision_Mamba,9.0819856e-05
VisionMamba_feature_766,Vision_Mamba,9.049363e-05
VisionMamba_feature_644,Vision_Mamba,8.971306e-05
VisionMamba_feature_215,Vision_Mamba,8.954913e-05
VisionMamba_feature_135,Vision_Mamba,8.937511e-05
VisionMamba_feature_324,Vision_Mamba,8.932749e-05
VisionMamba_feature_532,Vision_Mamba,8.8975336e-05
VisionMamba_feature_664,Vision_Mamba,8.844004e-05
VisionMamba_feature_382,Vision_Mamba,8.8379646e-05
VisionMamba_feature_673,Vision_Mamba,8.812893e-05
VisionMamba_feature_160,Vision_Mamba,8.8073204e-05
VisionMamba_feature_636,Vision_Mamba,8.751834e-05
VisionMamba_feature_348,Vision_Mamba,8.726817e-05
VisionMamba_feature_12,Vision_Mamba,8.7150394e-05
VisionMamba_feature_260,Vision_Mamba,8.709415e-05
VisionMamba_feature_241,Vision_Mamba,8.682203e-05
VisionMamba_feature_339,Vision_Mamba,8.6579894e-05
VisionMamba_feature_604,Vision_Mamba,8.652171e-05
VisionMamba_feature_723,Vision_Mamba,8.616849e-05
VisionMamba_feature_418,Vision_Mamba,8.592094e-05
VisionMamba_feature_506,Vision_Mamba,8.5770014e-05
VisionMamba_feature_85,Vision_Mamba,8.455244e-05
VisionMamba_feature_195,Vision_Mamba,8.3891675e-05
VisionMamba_feature_716,Vision_Mamba,8.3595354e-05
VisionMamba_feature_183,Vision_Mamba,8.3472354e-05
VisionMamba_feature_345,Vision_Mamba,8.3355866e-05
VisionMamba_feature_113,Vision_Mamba,8.263451e-05
VisionMamba_feature_188,Vision_Mamba,8.236746e-05
VisionMamba_feature_77,Vision_Mamba,8.193474e-05
VisionMamba_feature_523,Vision_Mamba,8.165074e-05
VisionMamba_feature_451,Vision_Mamba,8.1533864e-05
VisionMamba_feature_242,Vision_Mamba,8.124534e-05
VisionMamba_feature_250,Vision_Mamba,8.118878e-05
VisionMamba_feature_86,Vision_Mamba,8.1107944e-05
VisionMamba_feature_337,Vision_Mamba,8.037038e-05
VisionMamba_feature_732,Vision_Mamba,8.03535e-05
VisionMamba_feature_290,Vision_Mamba,8.035188e-05
VisionMamba_feature_761,Vision_Mamba,8.01804e-05
VisionMamba_feature_553,Vision_Mamba,8.01524e-05
VisionMamba_feature_26,Vision_Mamba,7.9838544e-05
VisionMamba_feature_595,Vision_Mamba,7.951775e-05
VisionMamba_feature_213,Vision_Mamba,7.9282894e-05
VisionMamba_feature_243,Vision_Mamba,7.886722e-05
VisionMamba_feature_227,Vision_Mamba,7.842876e-05
VisionMamba_feature_329,Vision_Mamba,7.729e-05
VisionMamba_feature_652,Vision_Mamba,7.70359e-05
VisionMamba_feature_171,Vision_Mamba,7.590652e-05
VisionMamba_feature_185,Vision_Mamba,7.579238e-05
VisionMamba_feature_744,Vision_Mamba,7.5700314e-05
VisionMamba_feature_22,Vision_Mamba,7.559195e-05
VisionMamba_feature_16,Vision_Mamba,7.548723e-05
VisionMamba_feature_666,Vision_Mamba,7.508438e-05
VisionMamba_feature_385,Vision_Mamba,7.4744356e-05
VisionMamba_feature_715,Vision_Mamba,7.445426e-05
VisionMamba_feature_611,Vision_Mamba,7.410221e-05
VisionMamba_feature_314,Vision_Mamba,7.409202e-05
VisionMamba_feature_292,Vision_Mamba,7.327998e-05
VisionMamba_feature_270,Vision_Mamba,7.3051044e-05
VisionMamba_feature_90,Vision_Mamba,7.211162e-05
VisionMamba_feature_722,Vision_Mamba,7.155911e-05
VisionMamba_feature_43,Vision_Mamba,7.12964e-05
VisionMamba_feature_96,Vision_Mamba,7.0834925e-05
VisionMamba_feature_618,Vision_Mamba,7.078154e-05
VisionMamba_feature_159,Vision_Mamba,7.0748545e-05
VisionMamba_feature_510,Vision_Mamba,7.06697e-05
VisionMamba_feature_233,Vision_Mamba,7.0158494e-05
VisionMamba_feature_412,Vision_Mamba,7.009094e-05
VisionMamba_feature_68,Vision_Mamba,6.807097e-05
VisionMamba_feature_376,Vision_Mamba,6.76659e-05
VisionMamba_feature_37,Vision_Mamba,6.760121e-05
VisionMamba_feature_639,Vision_Mamba,6.756894e-05
VisionMamba_feature_207,Vision_Mamba,6.735564e-05
VisionMamba_feature_304,Vision_Mamba,6.720443e-05
VisionMamba_feature_109,Vision_Mamba,6.696064e-05
VisionMamba_feature_94,Vision_Mamba,6.656964e-05
VisionMamba_feature_579,Vision_Mamba,6.6407e-05
VisionMamba_feature_667,Vision_Mamba,6.623456e-05
VisionMamba_feature_632,Vision_Mamba,6.558802e-05
VisionMamba_feature_237,Vision_Mamba,6.515243e-05
VisionMamba_feature_373,Vision_Mamba,6.506247e-05
VisionMamba_feature_48,Vision_Mamba,6.483781e-05
VisionMamba_feature_625,Vision_Mamba,6.480417e-05
VisionMamba_feature_142,Vision_Mamba,6.4653635e-05
VisionMamba_feature_353,Vision_Mamba,6.4607986e-05
VisionMamba_feature_680,Vision_Mamba,6.4576634e-05
VisionMamba_feature_295,Vision_Mamba,6.432298e-05
VisionMamba_feature_751,Vision_Mamba,6.393958e-05
VisionMamba_feature_327,Vision_Mamba,6.230364e-05
VisionMamba_feature_116,Vision_Mamba,6.216956e-05
VisionMamba_feature_152,Vision_Mamba,6.156655e-05
VisionMamba_feature_244,Vision_Mamba,6.0891114e-05
VisionMamba_feature_174,Vision_Mamba,6.0511196e-05
VisionMamba_feature_484,Vision_Mamba,5.9797785e-05
VisionMamba_feature_601,Vision_Mamba,5.9735255e-05
VisionMamba_feature_342,Vision_Mamba,5.959159e-05
VisionMamba_feature_251,Vision_Mamba,5.9286747e-05
VisionMamba_feature_443,Vision_Mamba,5.9172886e-05
VisionMamba_feature_650,Vision_Mamba,5.8748097e-05
VisionMamba_feature_50,Vision_Mamba,5.8235775e-05
VisionMamba_feature_447,Vision_Mamba,5.8119385e-05
VisionMamba_feature_118,Vision_Mamba,5.7362613e-05
VisionMamba_feature_383,Vision_Mamba,5.7305275e-05
VisionMamba_feature_32,Vision_Mamba,5.562289e-05
VisionMamba_feature_4,Vision_Mamba,5.5519646e-05
VisionMamba_feature_656,Vision_Mamba,5.508214e-05
VisionMamba_feature_208,Vision_Mamba,5.473624e-05
VisionMamba_feature_136,Vision_Mamba,5.472436e-05
VisionMamba_feature_64,Vision_Mamba,5.4611908e-05
VisionMamba_feature_284,Vision_Mamba,5.437463e-05
VisionMamba_feature_54,Vision_Mamba,5.415313e-05
VisionMamba_feature_319,Vision_Mamba,5.362954e-05
VisionMamba_feature_463,Vision_Mamba,5.3424134e-05
VisionMamba_feature_184,Vision_Mamba,5.1549814e-05
VisionMamba_feature_294,Vision_Mamba,5.1171013e-05
VisionMamba_feature_275,Vision_Mamba,5.1048402e-05
VisionMamba_feature_731,Vision_Mamba,5.09971e-05
VisionMamba_feature_55,Vision_Mamba,5.081705e-05
VisionMamba_feature_8,Vision_Mamba,5.0568015e-05
VisionMamba_feature_20,Vision_Mamba,5.0332383e-05
VisionMamba_feature_671,Vision_Mamba,4.9824666e-05
VisionMamba_feature_315,Vision_Mamba,4.9512888e-05
VisionMamba_feature_41,Vision_Mamba,4.9028706e-05
VisionMamba_feature_120,Vision_Mamba,4.89237e-05
VisionMamba_feature_131,Vision_Mamba,4.8809175e-05
VisionMamba_feature_198,Vision_Mamba,4.8620386e-05
VisionMamba_feature_252,Vision_Mamba,4.7674064e-05
VisionMamba_feature_156,Vision_Mamba,4.7216734e-05
VisionMamba_feature_513,Vision_Mamba,4.6906593e-05
VisionMamba_feature_596,Vision_Mamba,4.656368e-05
VisionMamba_feature_258,Vision_Mamba,4.65587e-05
VisionMamba_feature_411,Vision_Mamba,4.5883728e-05
VisionMamba_feature_544,Vision_Mamba,4.406407e-05
VisionMamba_feature_121,Vision_Mamba,4.3949538e-05
VisionMamba_feature_355,Vision_Mamba,4.3806587e-05
VisionMamba_feature_450,Vision_Mamba,4.3461598e-05
VisionMamba_feature_487,Vision_Mamba,4.3062573e-05
VisionMamba_feature_139,Vision_Mamba,4.2998003e-05
VisionMamba_feature_194,Vision_Mamba,4.2909855e-05
VisionMamba_feature_49,Vision_Mamba,4.2786585e-05
VisionMamba_feature_444,Vision_Mamba,4.253572e-05
VisionMamba_feature_474,Vision_Mamba,4.2508444e-05
VisionMamba_feature_206,Vision_Mamba,4.2003467e-05
VisionMamba_feature_272,Vision_Mamba,4.155338e-05
VisionMamba_feature_640,Vision_Mamba,4.1010284e-05
VisionMamba_feature_297,Vision_Mamba,4.0983592e-05
VisionMamba_feature_712,Vision_Mamba,4.090626e-05
VisionMamba_feature_197,Vision_Mamba,4.0542345e-05
VisionMamba_feature_496,Vision_Mamba,4.0254607e-05
VisionMamba_feature_14,Vision_Mamba,4.02485e-05
VisionMamba_feature_97,Vision_Mamba,3.7276102e-05
VisionMamba_feature_34,Vision_Mamba,3.584077e-05
VisionMamba_feature_204,Vision_Mamba,3.525999e-05
VisionMamba_feature_229,Vision_Mamba,3.5247693e-05
VisionMamba_feature_83,Vision_Mamba,3.4128647e-05
VisionMamba_feature_507,Vision_Mamba,3.3520886e-05
VisionMamba_feature_189,Vision_Mamba,3.321238e-05
VisionMamba_feature_154,Vision_Mamba,3.2053103e-05
VisionMamba_feature_445,Vision_Mamba,3.1557873e-05
VisionMamba_feature_582,Vision_Mamba,2.9871835e-05
VisionMamba_feature_187,Vision_Mamba,2.919556e-05
VisionMamba_feature_456,Vision_Mamba,2.9137129e-05
VisionMamba_feature_57,Vision_Mamba,2.8435878e-05
VisionMamba_feature_641,Vision_Mamba,2.7128204e-05
VisionMamba_feature_80,Vision_Mamba,2.5636611e-05
VisionMamba_feature_157,Vision_Mamba,2.4065137e-05
VisionMamba_feature_71,Vision_Mamba,2.4027891e-05
VisionMamba_feature_724,Vision_Mamba,2.3721686e-05
VisionMamba_feature_291,Vision_Mamba,2.3436314e-05
VisionMamba_feature_144,Vision_Mamba,2.3148272e-05
VisionMamba_feature_312,Vision_Mamba,2.3053648e-05
VisionMamba_feature_599,Vision_Mamba,2.303133e-05
VisionMamba_feature_687,Vision_Mamba,2.2972115e-05
VisionMamba_feature_455,Vision_Mamba,2.251082e-05
VisionMamba_feature_6,Vision_Mamba,2.1537975e-05
VisionMamba_feature_588,Vision_Mamba,2.0546238e-05
VisionMamba_feature_102,Vision_Mamba,2.0492556e-05
VisionMamba_feature_132,Vision_Mamba,2.012344e-05
VisionMamba_feature_39,Vision_Mamba,2.0038375e-05
VisionMamba_feature_436,Vision_Mamba,1.9748926e-05
VisionMamba_feature_700,Vision_Mamba,1.9524648e-05
VisionMamba_feature_741,Vision_Mamba,1.8504234e-05
VisionMamba_feature_521,Vision_Mamba,1.847228e-05
VisionMamba_feature_725,Vision_Mamba,1.8443217e-05
VisionMamba_feature_133,Vision_Mamba,1.8257977e-05
VisionMamba_feature_65,Vision_Mamba,1.7863658e-05
VisionMamba_feature_749,Vision_Mamba,1.7397704e-05
VisionMamba_feature_608,Vision_Mamba,1.7202427e-05
VisionMamba_feature_518,Vision_Mamba,1.5181556e-05
VisionMamba_feature_577,Vision_Mamba,1.4905762e-05
VisionMamba_feature_757,Vision_Mamba,1.2282904e-05
VisionMamba_feature_27,Vision_Mamba,1.215095e-05
VisionMamba_feature_585,Vision_Mamba,1.1212657e-05
VisionMamba_feature_360,Vision_Mamba,1.0767224e-05
VisionMamba_feature_424,Vision_Mamba,9.700932e-06
VisionMamba_feature_634,Vision_Mamba,9.6625445e-06
VisionMamba_feature_760,Vision_Mamba,5.21658e-06
